<?xml version="1.0" encoding="utf-8" standalone="yes" ?>
<rss version="2.0" xmlns:atom="http://www.w3.org/2005/Atom">
  <channel>
    <title>Yuanyou NGO</title>
    <link>/volunteers/jasonliu/</link>
      <atom:link href="/volunteers/jasonliu/index.xml" rel="self" type="application/rss+xml" />
    <description>Yuanyou NGO</description>
    <generator>Source Themes Academic (https://sourcethemes.com/academic/)</generator><language>en-us</language><copyright>©2017-2019 Yuanyou NGO All Rights Reserved</copyright><lastBuildDate>Thu, 26 Sep 2019 00:00:00 +0000</lastBuildDate>
    <image>
      <url>img/icon-32.png</url>
      <title>Yuanyou NGO</title>
      <link>/volunteers/jasonliu/</link>
    </image>
    
    <item>
      <title>Choroideremia</title>
      <link>/wiki/choroideremia/</link>
      <pubDate>Thu, 26 Sep 2019 00:00:00 +0000</pubDate>
      <guid>/wiki/choroideremia/</guid>
      <description></description>
    </item>
    
    <item>
      <title>Call for Patients of Choroideremia -- Please contact Yuanyou NGO</title>
      <link>/news/2019092501/</link>
      <pubDate>Wed, 25 Sep 2019 21:00:00 +0000</pubDate>
      <guid>/news/2019092501/</guid>
      <description></description>
    </item>
    
  </channel>
</rss>
