<?xml version="1.0" encoding="utf-8" standalone="yes" ?>
<rss version="2.0" xmlns:atom="http://www.w3.org/2005/Atom">
  <channel>
    <title>Usher Syndrome | Yuanyou NGO</title>
    <link>/tags/usher-syndrome/</link>
      <atom:link href="/tags/usher-syndrome/index.xml" rel="self" type="application/rss+xml" />
    <description>Usher Syndrome</description>
    <generator>Source Themes Academic (https://sourcethemes.com/academic/)</generator><language>en-us</language><copyright>©2017-2019 Yuanyou NGO All Rights Reserved</copyright><lastBuildDate>Fri, 20 Sep 2019 21:00:00 +0000</lastBuildDate>
    <image>
      <url>img/icon-32.png</url>
      <title>Usher Syndrome</title>
      <link>/tags/usher-syndrome/</link>
    </image>
    
    <item>
      <title>Call for Usher Syndrome Patients -- Please contact Yuanyou NGO</title>
      <link>/news/2019092001/</link>
      <pubDate>Fri, 20 Sep 2019 21:00:00 +0000</pubDate>
      <guid>/news/2019092001/</guid>
      <description></description>
    </item>
    
  </channel>
</rss>
