<?xml version="1.0" encoding="utf-8" standalone="yes" ?>
<rss version="2.0" xmlns:atom="http://www.w3.org/2005/Atom">
  <channel>
    <title>corneal shape lens | Yuanyou NGO</title>
    <link>/tags/corneal-shape-lens/</link>
      <atom:link href="/tags/corneal-shape-lens/index.xml" rel="self" type="application/rss+xml" />
    <description>corneal shape lens</description>
    <generator>Source Themes Academic (https://sourcethemes.com/academic/)</generator><language>en-us</language><copyright>©2017-2019 Yuanyou NGO All Rights Reserved</copyright><lastBuildDate>Tue, 05 Feb 2019 00:00:00 +0000</lastBuildDate>
    <image>
      <url>img/icon-32.png</url>
      <title>corneal shape lens</title>
      <link>/tags/corneal-shape-lens/</link>
    </image>
    
    <item>
      <title>How to take care of corneal contact lenses</title>
      <link>/wiki/how-to-take-care-of-corneal-contact-lenses/</link>
      <pubDate>Tue, 05 Feb 2019 00:00:00 +0000</pubDate>
      <guid>/wiki/how-to-take-care-of-corneal-contact-lenses/</guid>
      <description></description>
    </item>
    
  </channel>
</rss>
