<?xml version="1.0" encoding="utf-8" standalone="yes" ?>
<rss version="2.0" xmlns:atom="http://www.w3.org/2005/Atom">
  <channel>
    <title>LucidKorea | Yuanyou NGO</title>
    <link>/tags/lucidkorea/</link>
      <atom:link href="/tags/lucidkorea/index.xml" rel="self" type="application/rss+xml" />
    <description>LucidKorea</description>
    <generator>Source Themes Academic (https://sourcethemes.com/academic/)</generator><language>en-us</language><copyright>©2017-2019 Yuanyou NGO All Rights Reserved</copyright><lastBuildDate>Sat, 22 Jun 2019 21:00:00 +0000</lastBuildDate>
    <image>
      <url>img/icon-32.png</url>
      <title>LucidKorea</title>
      <link>/tags/lucidkorea/</link>
    </image>
    
    <item>
      <title>Analysis of the results of the contact mirror pre-match inspection 【Edition 57】</title>
      <link>/salon/2019062201/</link>
      <pubDate>Sat, 22 Jun 2019 21:00:00 +0000</pubDate>
      <guid>/salon/2019062201/</guid>
      <description></description>
    </item>
    
  </channel>
</rss>
