<?xml version="1.0" encoding="utf-8" standalone="yes" ?>
<rss version="2.0" xmlns:atom="http://www.w3.org/2005/Atom">
  <channel>
    <title>Yuanyou Wiki | Yuanyou NGO</title>
    <link>/wiki/</link>
      <atom:link href="/wiki/index.xml" rel="self" type="application/rss+xml" />
    <description>Yuanyou Wiki</description>
    <generator>Source Themes Academic (https://sourcethemes.com/academic/)</generator><language>en-us</language><copyright>©2017-2019 Yuanyou NGO All Rights Reserved</copyright><lastBuildDate>Thu, 26 Sep 2019 00:00:00 +0000</lastBuildDate>
    <image>
      <url>img/icon-32.png</url>
      <title>Yuanyou Wiki</title>
      <link>/wiki/</link>
    </image>
    
    <item>
      <title>Choroideremia</title>
      <link>/wiki/choroideremia/</link>
      <pubDate>Thu, 26 Sep 2019 00:00:00 +0000</pubDate>
      <guid>/wiki/choroideremia/</guid>
      <description></description>
    </item>
    
    <item>
      <title>Orthokeratology Lens</title>
      <link>/wiki/orthokeratology-lens/</link>
      <pubDate>Wed, 07 Aug 2019 00:00:00 +0000</pubDate>
      <guid>/wiki/orthokeratology-lens/</guid>
      <description></description>
    </item>
    
    <item>
      <title>Best Ophthalmologists in Hunan and Hubei Province</title>
      <link>/wiki/best-ophthalmologists-hunan-hubei-province/</link>
      <pubDate>Tue, 30 Apr 2019 00:00:00 +0000</pubDate>
      <guid>/wiki/best-ophthalmologists-hunan-hubei-province/</guid>
      <description></description>
    </item>
    
    <item>
      <title>Best Ophthalmologists in Guangdong Province</title>
      <link>/wiki/best-ophthalmologists-guangdong-province/</link>
      <pubDate>Tue, 05 Feb 2019 00:00:00 +0000</pubDate>
      <guid>/wiki/best-ophthalmologists-guangdong-province/</guid>
      <description></description>
    </item>
    
    <item>
      <title>How to take care of corneal contact lenses</title>
      <link>/wiki/how-to-take-care-of-corneal-contact-lenses/</link>
      <pubDate>Tue, 05 Feb 2019 00:00:00 +0000</pubDate>
      <guid>/wiki/how-to-take-care-of-corneal-contact-lenses/</guid>
      <description></description>
    </item>
    
    <item>
      <title>My life, two years after lamellar keratoplasty</title>
      <link>/wiki/two-years-after-lamellar-keratoplasty/</link>
      <pubDate>Sat, 08 Dec 2018 00:00:00 +0000</pubDate>
      <guid>/wiki/two-years-after-lamellar-keratoplasty/</guid>
      <description></description>
    </item>
    
    <item>
      <title>Questions and Answers with Professor Daxer of Austria on MyoRing</title>
      <link>/wiki/questions-and-answers-with-professor-daxer-of-austria-on-myoring/</link>
      <pubDate>Fri, 07 Dec 2018 00:00:00 +0000</pubDate>
      <guid>/wiki/questions-and-answers-with-professor-daxer-of-austria-on-myoring/</guid>
      <description></description>
    </item>
    
  </channel>
</rss>
