<?xml version="1.0" encoding="utf-8" standalone="yes" ?>
<rss version="2.0" xmlns:atom="http://www.w3.org/2005/Atom">
  <channel>
    <title>白内障 | 援友公益</title>
    <link>/zh/tags/%E7%99%BD%E5%86%85%E9%9A%9C/</link>
      <atom:link href="/zh/tags/%E7%99%BD%E5%86%85%E9%9A%9C/index.xml" rel="self" type="application/rss+xml" />
    <description>白内障</description>
    <generator>Source Themes Academic (https://sourcethemes.com/academic/)</generator><language>zh-Hans</language><copyright>©2017-2019 援友公益版权所有</copyright><lastBuildDate>Tue, 01 Jan 2019 00:00:00 +0000</lastBuildDate>
    <image>
      <url>img/icon-32.png</url>
      <title>白内障</title>
      <link>/zh/tags/%E7%99%BD%E5%86%85%E9%9A%9C/</link>
    </image>
    
    <item>
      <title>“睛彩光明行”白内障公益随访活动【中山大学中山眼科中心】</title>
      <link>/zh/connect/2019010401/</link>
      <pubDate>Tue, 01 Jan 2019 00:00:00 +0000</pubDate>
      <guid>/zh/connect/2019010401/</guid>
      <description>&lt;blockquote&gt;
&lt;p&gt;消息来自中山大学中山眼科中心官方公众号《&lt;a href=&#34;https://mp.weixin.qq.com/s/IVd2LXhSOecaqRSy2Hs0KQ&#34; target=&#34;_blank&#34;&gt;【干货】“睛”彩光明行，中山眼科中心白内障术后公益随访来啦！&lt;/a&gt;》&lt;/p&gt;
&lt;/blockquote&gt;

&lt;p&gt;中山眼科中心积极响应习近平总书记的“健康中国”发展理念和落实国家卫计委“十三五”眼健康规划， &lt;strong&gt;发起“睛彩光明行——白内障公益随访活动”&lt;/strong&gt; ，在本中心接受白内障手术后三个月以上的患者，在白内障临床研究团队成功预约后可查享受一系列免费的眼部检查，同时享有白内障专科医生提供一对一的免费裂隙灯检查及报告解读的服务。&lt;/p&gt;

&lt;p&gt;&lt;strong&gt;免费的眼部检查项目如下：&lt;/strong&gt;&lt;/p&gt;

&lt;ul&gt;
&lt;li&gt;&lt;strong&gt;视力、眼压&lt;/strong&gt; ：了解目前的视力、眼压的情况。&lt;/li&gt;
&lt;li&gt;&lt;strong&gt;角膜内皮镜&lt;/strong&gt;&lt;/li&gt;
&lt;li&gt;&lt;strong&gt;眼底照相&lt;/strong&gt;&lt;/li&gt;
&lt;li&gt;&lt;strong&gt;光学相干断层扫描（OCT ）&lt;/strong&gt;&lt;/li&gt;
&lt;/ul&gt;

&lt;p&gt;&lt;strong&gt;检查地点：&lt;/strong&gt; 中山大学中山眼科中心珠江新城院区医疗楼11楼临床研究中心。&lt;/p&gt;

&lt;p&gt;&lt;strong&gt;检查时间：&lt;/strong&gt; 周一到周五8：00~12：00 14：30~17：30&lt;/p&gt;

&lt;p&gt;咨询电话：020-66604125。&lt;/p&gt;

&lt;p&gt;&lt;strong&gt;报名流程：&lt;/strong&gt; &lt;strong&gt;扫描二维码在线报名→工作人员确认报名信息&lt;/strong&gt;&lt;/p&gt;

&lt;p&gt;&lt;strong&gt;（信息审核不超1周）→电话与您联系确定检查时间&lt;/strong&gt;&lt;/p&gt;
</description>
    </item>
    
  </channel>
</rss>
