<?xml version="1.0" encoding="utf-8" standalone="yes" ?>
<rss version="2.0" xmlns:atom="http://www.w3.org/2005/Atom">
  <channel>
    <title>Keratoconus | Yuanyou NGO</title>
    <link>/tags/keratoconus/</link>
      <atom:link href="/tags/keratoconus/index.xml" rel="self" type="application/rss+xml" />
    <description>Keratoconus</description>
    <generator>Source Themes Academic (https://sourcethemes.com/academic/)</generator><language>en-us</language><copyright>©2017-2019 Yuanyou NGO All Rights Reserved</copyright><lastBuildDate>Sun, 22 Sep 2019 21:00:00 +0000</lastBuildDate>
    <image>
      <url>img/icon-32.png</url>
      <title>Keratoconus</title>
      <link>/tags/keratoconus/</link>
    </image>
    
    <item>
      <title>Keratoconus and corneal collagen cross-linking surgery【Edition 62】</title>
      <link>/salon/2019092801/</link>
      <pubDate>Sun, 22 Sep 2019 21:00:00 +0000</pubDate>
      <guid>/salon/2019092801/</guid>
      <description></description>
    </item>
    
    <item>
      <title>2015 Common Expert Opinions on Keratoconus 【Edition 60】</title>
      <link>/salon/2019071401/</link>
      <pubDate>Sun, 14 Jul 2019 21:00:00 +0000</pubDate>
      <guid>/salon/2019071401/</guid>
      <description></description>
    </item>
    
    <item>
      <title>Keratoconus Newest Treatment 【Edition 59】</title>
      <link>/salon/2019070101/</link>
      <pubDate>Mon, 01 Jul 2019 21:00:00 +0000</pubDate>
      <guid>/salon/2019070101/</guid>
      <description></description>
    </item>
    
    <item>
      <title>Analysis of the results of the contact mirror pre-match inspection 【Edition 57】</title>
      <link>/salon/2019062201/</link>
      <pubDate>Sat, 22 Jun 2019 21:00:00 +0000</pubDate>
      <guid>/salon/2019062201/</guid>
      <description></description>
    </item>
    
    <item>
      <title>Free RGP Glasses for Low-income Keratoconus Patients 【LucidKorea &amp; Yuanyou NGO】</title>
      <link>/aid/2019040601/</link>
      <pubDate>Sat, 06 Apr 2019 00:00:00 +0000</pubDate>
      <guid>/aid/2019040601/</guid>
      <description></description>
    </item>
    
    <item>
      <title>My life, two years after lamellar keratoplasty</title>
      <link>/wiki/two-years-after-lamellar-keratoplasty/</link>
      <pubDate>Sat, 08 Dec 2018 00:00:00 +0000</pubDate>
      <guid>/wiki/two-years-after-lamellar-keratoplasty/</guid>
      <description></description>
    </item>
    
    <item>
      <title>Receivers of free RGP Glasses in the program of Yuanyou Aid &amp; LucidKorea</title>
      <link>/news/2019061401/</link>
      <pubDate>Thu, 14 Jun 2018 21:00:00 +0000</pubDate>
      <guid>/news/2019061401/</guid>
      <description></description>
    </item>
    
  </channel>
</rss>
