<?xml version="1.0" encoding="utf-8" standalone="yes" ?>
<rss version="2.0" xmlns:atom="http://www.w3.org/2005/Atom">
  <channel>
    <title>ONG Yuanyou</title>
    <link>/fr/volunteers/nobody/</link>
      <atom:link href="/fr/volunteers/nobody/index.xml" rel="self" type="application/rss+xml" />
    <description>ONG Yuanyou</description>
    <generator>Source Themes Academic (https://sourcethemes.com/academic/)</generator><language>fr-fr</language><copyright>©2017-2019 Tous les droits reservés à ONG Yuanyou</copyright>
    <image>
      <url>img/icon-32.png</url>
      <title>ONG Yuanyou</title>
      <link>/fr/volunteers/nobody/</link>
    </image>
    
  </channel>
</rss>
