<?xml version="1.0" encoding="utf-8" standalone="yes" ?>
<rss version="2.0" xmlns:atom="http://www.w3.org/2005/Atom">
  <channel>
    <title>Tongren Hospital | Yuanyou NGO</title>
    <link>/tags/tongren-hospital/</link>
      <atom:link href="/tags/tongren-hospital/index.xml" rel="self" type="application/rss+xml" />
    <description>Tongren Hospital</description>
    <generator>Source Themes Academic (https://sourcethemes.com/academic/)</generator><language>en-us</language><copyright>©2017-2019 Yuanyou NGO All Rights Reserved</copyright><lastBuildDate>Mon, 01 Jul 2019 21:00:00 +0000</lastBuildDate>
    <image>
      <url>img/icon-32.png</url>
      <title>Tongren Hospital</title>
      <link>/tags/tongren-hospital/</link>
    </image>
    
    <item>
      <title>Keratoconus Newest Treatment 【Edition 59】</title>
      <link>/salon/2019070101/</link>
      <pubDate>Mon, 01 Jul 2019 21:00:00 +0000</pubDate>
      <guid>/salon/2019070101/</guid>
      <description></description>
    </item>
    
  </channel>
</rss>
