<?xml version="1.0" encoding="utf-8" standalone="yes" ?>
<rss version="2.0" xmlns:atom="http://www.w3.org/2005/Atom">
  <channel>
    <title>援友社会公益 | 援友公益</title>
    <link>/zh/connect/</link>
      <atom:link href="/zh/connect/index.xml" rel="self" type="application/rss+xml" />
    <description>援友社会公益</description>
    <generator>Source Themes Academic (https://sourcethemes.com/academic/)</generator><language>zh-Hans</language><copyright>©2017-2019 援友公益版权所有</copyright><lastBuildDate>Mon, 04 Mar 2019 00:00:00 +0000</lastBuildDate>
    <image>
      <url>img/icon-32.png</url>
      <title>援友社会公益</title>
      <link>/zh/connect/</link>
    </image>
    
    <item>
      <title>罕见病医疗援助工程【病痛挑战基金会】</title>
      <link>/zh/connect/2019030401/</link>
      <pubDate>Mon, 04 Mar 2019 00:00:00 +0000</pubDate>
      <guid>/zh/connect/2019030401/</guid>
      <description>

&lt;blockquote&gt;
&lt;p&gt;信息来自病痛挑战基金会官方公众号《&lt;a href=&#34;https://mp.weixin.qq.com/s/jkqaTOMyCGFVqlTJSHyKvA&#34; target=&#34;_blank&#34;&gt;项目｜罕见病医疗援助工程二期启动公告&lt;/a&gt;》&lt;/p&gt;
&lt;/blockquote&gt;

&lt;p&gt;&lt;img src=&#34;2019030401-01.jpeg&#34; alt=&#34;罕见病医疗援助工程&#34; /&gt;&lt;/p&gt;

&lt;h1 id=&#34;项目介绍&#34;&gt;&lt;strong&gt;项目介绍&lt;/strong&gt;&lt;/h1&gt;

&lt;p&gt;罕见病医疗援助工程（下称援助工程），是由病痛挑战基金会发起的全国性罕见病民间公益援助基金。其并非简单的医疗救助项目，而是针对罕见病个案提供医疗资源转接、各地医保信息、最新药物进展、个案资金援助的全方位支持。确保募集到的资金，更加有效地使用在受益人身上。&lt;/p&gt;

&lt;h1 id=&#34;项目愿景&#34;&gt;&lt;strong&gt;项目愿景&lt;/strong&gt;&lt;/h1&gt;

&lt;p&gt;通过民间资金力量援助罕见病社群，撬动社会政策改善及多方援助资源介入，提升罕见病群体生命权、健康权的获得感，提升罕见病医疗保障水平，为罕见病群体提供有针对性的专业医疗援助。&lt;/p&gt;

&lt;h1 id=&#34;项目目标&#34;&gt;&lt;strong&gt;项目目标&lt;/strong&gt;&lt;/h1&gt;

&lt;p&gt;1.整合罕见病领域经验、资源，为罕见病群体提供有针对性的专业医疗援助；&lt;/p&gt;

&lt;p&gt;2.整合各地医疗、医保信息，推动医保政策出台；&lt;/p&gt;

&lt;p&gt;3.关注最新药物进展，提供医疗资源转介，病友组织支持转介服务，提升罕见病病友社会支持度。&lt;/p&gt;

&lt;h1 id=&#34;援助对象&#34;&gt;&lt;strong&gt;援助对象&lt;/strong&gt;&lt;/h1&gt;

&lt;p&gt;1.有明确诊断的中国患者；&lt;/p&gt;

&lt;p&gt;2.确诊病种属于《关于公布第一批罕见病目录的通知》中所列的121个病种（参见文末附录）；&lt;/p&gt;

&lt;p&gt;3.正在依照医嘱进行本病种治疗，产生相应医疗费用。&lt;/p&gt;

&lt;h1 id=&#34;援助原则&#34;&gt;&lt;strong&gt;援助原则&lt;/strong&gt;&lt;/h1&gt;

&lt;h3 id=&#34;1-总原则&#34;&gt;&lt;strong&gt;1.总原则&lt;/strong&gt;&lt;/h3&gt;

&lt;p&gt;公平、公正、透明；量入为出；有限援助；多方合作援助。&lt;/p&gt;

&lt;h3 id=&#34;2-优先原则&#34;&gt;&lt;strong&gt;2.优先原则&lt;/strong&gt;&lt;/h3&gt;

&lt;p&gt;·未成年及罕见病儿童优先援助；&lt;/p&gt;

&lt;p&gt;·首次申请个案优先援助；&lt;/p&gt;

&lt;p&gt;·低保、低收入或符合国家扶贫条件的罕见病家庭优先援助；&lt;/p&gt;

&lt;p&gt;·已纳入医保或有其他联合援助，但依然无力支付的罕见病病友优先援助。&lt;/p&gt;

&lt;h3 id=&#34;3-援助机制&#34;&gt;&lt;strong&gt;3.援助机制&lt;/strong&gt;&lt;/h3&gt;

&lt;p&gt;一类（上限5万）&lt;/p&gt;

&lt;p&gt;用于治疗罕见病治疗的 &lt;strong&gt;特效药、特食&lt;/strong&gt; 的费用的援助，以及个人承担费用 &lt;strong&gt;超过20万元&lt;/strong&gt; 的大额医疗支出援助（上限5万元）；&lt;/p&gt;

&lt;p&gt;二类（上限1万）&lt;/p&gt;

&lt;p&gt;A：用于罕见病病友的 &lt;strong&gt;药费、住院费、康复费、手术费、辅具适配&lt;/strong&gt; 等费用（上限1万元）；&lt;/p&gt;

&lt;p&gt;B：在A的基础上，如有 &lt;strong&gt;定向捐赠&lt;/strong&gt; ，将视情况提高上限援助金额（具体以相关合作公告为准）。&lt;/p&gt;

&lt;p&gt;注：援助工程管理委员会有权对个别罕见病患者的援助及援助标准进行特批。特批的案例必须由援助工程审核委员会陈述理由，并在网络公示时特别指出。&lt;/p&gt;

&lt;h1 id=&#34;项目进展&#34;&gt;&lt;strong&gt;项目进展&lt;/strong&gt;&lt;/h1&gt;

&lt;p&gt;自2018年2月正式启动后，截至2019年1月31日，援助工程累计接收到全国 &lt;strong&gt;30&lt;/strong&gt; 个省市自治区 &lt;strong&gt;1946&lt;/strong&gt; 人次求助信息，涉及 &lt;strong&gt;159&lt;/strong&gt; 多个病种；这其中， &lt;strong&gt;260&lt;/strong&gt; 余人递交申请材料， &lt;strong&gt;189&lt;/strong&gt; 人被确定为援助对象，累积拨款 &lt;strong&gt;2212110.73&lt;/strong&gt; 元，涉及 &lt;strong&gt;41&lt;/strong&gt; 个病种，分布在全国 &lt;strong&gt;27&lt;/strong&gt; 个省市自治区。&lt;/p&gt;

&lt;p&gt;&lt;strong&gt;援助工程二期（2019年2月28日至2020年2月29日）将于2019年3月1日正式启动。&lt;/strong&gt;&lt;/p&gt;

&lt;p&gt;在延续项目一期的援助框架基础上，病痛挑战基金会还会在 &lt;strong&gt;多方援助、病友服务、罕见病倡导&lt;/strong&gt; 等方面作出新的动作，进一步完善项目服务流程，提升项目服务质量。&lt;/p&gt;

&lt;h1 id=&#34;项目新动向&#34;&gt;&lt;strong&gt;项目新动向&lt;/strong&gt;&lt;/h1&gt;

&lt;p&gt;&lt;strong&gt;（一）更多力量与罕见携手&lt;/strong&gt;&lt;/p&gt;

&lt;p&gt;病痛挑战基金会将与轻松筹公益、水滴筹公益平台深度合作，在援助工程二期基础上，推动联合 &lt;strong&gt;个案援助&lt;/strong&gt; ，最大限度减轻罕见病患者的医疗负担。&lt;/p&gt;

&lt;p&gt;&lt;strong&gt;（二）更多行动为罕见发声&lt;/strong&gt;&lt;/p&gt;

&lt;p&gt;2019年援助工程将启动 &lt;strong&gt;罕见病线下医学交流会&lt;/strong&gt; ，与各地医学专家、罕见病病友一起促进罕见病医学交流，降低罕见病误诊率，普及罕见病知识。&lt;/p&gt;

&lt;p&gt;&lt;strong&gt;（三）更完善的服务&lt;/strong&gt;&lt;/p&gt;

&lt;p&gt;2019年2月，病痛挑战基金会与山东省立医院小儿骨科成立山东首个 &lt;strong&gt;罕见病爱心病房&lt;/strong&gt; ，将以此为基础，为各地病友提供医疗服务。未来我们计划在更多地区推动医疗服务落地，为病友就医、用药提供便利。&lt;/p&gt;

&lt;p&gt;&lt;strong&gt;（四）申请更加便利&lt;/strong&gt;&lt;/p&gt;

&lt;p&gt;援助工程二期将调整申请流程，进一步 &lt;strong&gt;提升项目电子化水平&lt;/strong&gt; ，减少病友材料准备数量。项目一期申请病友继续申请时，无需再次提交“病痛挑战基金会-病痛挑战者之家病友信息登记表”，可直接递交“申请表”再次申请，通过审核委员会审核后获得援助。&lt;/p&gt;

&lt;p&gt;&lt;strong&gt;（五）票据有效期更长&lt;/strong&gt;&lt;/p&gt;

&lt;p&gt;援助工程二期将延长病友须提供的 &lt;strong&gt;票据的有效期时长&lt;/strong&gt; ，由原来“申请日前6个月”调整为“申请日前12个月”。&lt;/p&gt;

&lt;p&gt;注：牵扯跨年票据的问题，有效期计算起始时间为2018年6月。&lt;/p&gt;

&lt;p&gt;&lt;strong&gt;（六）加入月捐人&lt;/strong&gt;&lt;/p&gt;

&lt;p&gt;如果您正在关注罕见病群体，或有意愿为病友献出一份力量，请点击“ &lt;strong&gt;阅读原文&lt;/strong&gt; ”。&lt;/p&gt;

&lt;p&gt;目前“罕见病医疗援助工程”腾讯乐捐筹款项目，在腾讯公益支持下已开通月捐功能， &lt;strong&gt;欢迎您成为月捐人，每月给罕见病病友一个治疗的希望！&lt;/strong&gt;
&lt;img src=&#34;cc947b86a83bb50c3d432df921038243be848c17.jpeg&#34; alt=&#34;image|690x388&#34; /&gt;&lt;/p&gt;

&lt;h1 id=&#34;项目申请流程与注意事项&#34;&gt;&lt;strong&gt;项目申请流程与注意事项&lt;/strong&gt;&lt;/h1&gt;

&lt;p&gt;&lt;strong&gt;（一）病友申请流程&lt;/strong&gt;&lt;/p&gt;

&lt;p&gt;1.病友或其家属在线填写电子版“罕见病医疗援助工程信息登记表”&lt;/p&gt;

&lt;p&gt;&lt;img src=&#34;b9126545be38033e2e14b27e3facdc2b35095e2f.png&#34; alt=&#34;image|162x162&#34; /&gt;&lt;/p&gt;

&lt;p&gt;&lt;strong&gt;（扫码即可填写）&lt;/strong&gt;&lt;/p&gt;

&lt;p&gt;2.根据《关于公布第一批罕见病目录的通知》中所收录的病种，认定申请人符合申请规则；&lt;/p&gt;

&lt;p&gt;3.向申请人发放“病痛挑战基金会病友资料登记表”；&lt;/p&gt;

&lt;p&gt;4.申请人填写后，确认其所需服务为罕见病医疗援助；&lt;/p&gt;

&lt;p&gt;5.向申请人发放“罕见病医疗援助工程申请表”；&lt;/p&gt;

&lt;p&gt;6.申请人填写后，将费用发票同申请资料完整地邮寄到项目组参与每月进行的审核会；&lt;/p&gt;

&lt;p&gt;7.对审核通过的病友进行援助。
&lt;img src=&#34;82c9f26d19c920cf937a26a1dee684a18d19db4c.jpeg&#34; alt=&#34;image|690x469&#34; /&gt;&lt;/p&gt;

&lt;p&gt;&lt;strong&gt;（流程图）&lt;/strong&gt;&lt;/p&gt;

&lt;p&gt;&lt;strong&gt;（二）时间规则&lt;/strong&gt;&lt;/p&gt;

&lt;p&gt;1.每月25日为申请截止日（以收到“登记表”、“申请表”为准）；&lt;/p&gt;

&lt;p&gt;2.每月10日为审批日；&lt;/p&gt;

&lt;p&gt;3.审批日后通知援助对象并以月为单位进行公示；&lt;/p&gt;

&lt;p&gt;4.下一个审批日前完成上一批打款同时完成公示。&lt;/p&gt;

&lt;p&gt;&lt;strong&gt;附录：&lt;/strong&gt;
&lt;a href=&#34;http://localhost:1313/zh/resources/2018051101/&#34; target=&#34;_blank&#34;&gt;中国国家卫计委第一批罕见病名录&lt;/a&gt;&lt;/p&gt;

&lt;blockquote&gt;
&lt;p&gt;&lt;strong&gt;编者注：&lt;/strong&gt;&lt;/p&gt;

&lt;p&gt;其中序号为1的21-羟化酶缺乏症英文名称应为21-Hydroxylase Deficiency；&lt;/p&gt;

&lt;p&gt;序号为19的先天性肾上腺发育不良英文名称应为Adrenal Hypoplasia Congenital（Congenital Adrenal Hypoplasia为先天性肾上腺皮质增生症的英文名称）；&lt;/p&gt;

&lt;p&gt;序号为32的全身型重症肌无力英文名称应为General Myasthenic Gravis；&lt;/p&gt;

&lt;p&gt;序号为48的HHH综合征英文名称应为Hyperornithinemia-Hyperammonemia-Homocitrullinuria Syndrome；&lt;/p&gt;

&lt;p&gt;序号为88的阵发性睡眠性血红蛋白尿英文名称应为Paroxysmal Nocturnal Hemoglobinuria；&lt;/p&gt;

&lt;p&gt;序号为105的婴儿严重肌阵挛性癫痫（Dravet 综合征）英文名称应为Severe Myoclonic Epilepsy In Infancy (Dravet Syndrome)；&lt;/p&gt;

&lt;p&gt;序号为120的X-连锁肾上腺脑白质营养不良英文名称应为X-linked Adrenoleukodystrophy。&lt;/p&gt;
&lt;/blockquote&gt;
</description>
    </item>
    
    <item>
      <title>“睛彩光明行”白内障公益随访活动【中山大学中山眼科中心】</title>
      <link>/zh/connect/2019010401/</link>
      <pubDate>Tue, 01 Jan 2019 00:00:00 +0000</pubDate>
      <guid>/zh/connect/2019010401/</guid>
      <description>&lt;blockquote&gt;
&lt;p&gt;消息来自中山大学中山眼科中心官方公众号《&lt;a href=&#34;https://mp.weixin.qq.com/s/IVd2LXhSOecaqRSy2Hs0KQ&#34; target=&#34;_blank&#34;&gt;【干货】“睛”彩光明行，中山眼科中心白内障术后公益随访来啦！&lt;/a&gt;》&lt;/p&gt;
&lt;/blockquote&gt;

&lt;p&gt;中山眼科中心积极响应习近平总书记的“健康中国”发展理念和落实国家卫计委“十三五”眼健康规划， &lt;strong&gt;发起“睛彩光明行——白内障公益随访活动”&lt;/strong&gt; ，在本中心接受白内障手术后三个月以上的患者，在白内障临床研究团队成功预约后可查享受一系列免费的眼部检查，同时享有白内障专科医生提供一对一的免费裂隙灯检查及报告解读的服务。&lt;/p&gt;

&lt;p&gt;&lt;strong&gt;免费的眼部检查项目如下：&lt;/strong&gt;&lt;/p&gt;

&lt;ul&gt;
&lt;li&gt;&lt;strong&gt;视力、眼压&lt;/strong&gt; ：了解目前的视力、眼压的情况。&lt;/li&gt;
&lt;li&gt;&lt;strong&gt;角膜内皮镜&lt;/strong&gt;&lt;/li&gt;
&lt;li&gt;&lt;strong&gt;眼底照相&lt;/strong&gt;&lt;/li&gt;
&lt;li&gt;&lt;strong&gt;光学相干断层扫描（OCT ）&lt;/strong&gt;&lt;/li&gt;
&lt;/ul&gt;

&lt;p&gt;&lt;strong&gt;检查地点：&lt;/strong&gt; 中山大学中山眼科中心珠江新城院区医疗楼11楼临床研究中心。&lt;/p&gt;

&lt;p&gt;&lt;strong&gt;检查时间：&lt;/strong&gt; 周一到周五8：00~12：00 14：30~17：30&lt;/p&gt;

&lt;p&gt;咨询电话：020-66604125。&lt;/p&gt;

&lt;p&gt;&lt;strong&gt;报名流程：&lt;/strong&gt; &lt;strong&gt;扫描二维码在线报名→工作人员确认报名信息&lt;/strong&gt;&lt;/p&gt;

&lt;p&gt;&lt;strong&gt;（信息审核不超1周）→电话与您联系确定检查时间&lt;/strong&gt;&lt;/p&gt;
</description>
    </item>
    
  </channel>
</rss>
