<?xml version="1.0" encoding="utf-8" standalone="yes" ?>
<rss version="2.0" xmlns:atom="http://www.w3.org/2005/Atom">
  <channel>
    <title>白内障 | Yuanyou NGO</title>
    <link>/tags/%E7%99%BD%E5%86%85%E9%9A%9C/</link>
      <atom:link href="/tags/%E7%99%BD%E5%86%85%E9%9A%9C/index.xml" rel="self" type="application/rss+xml" />
    <description>白内障</description>
    <generator>Source Themes Academic (https://sourcethemes.com/academic/)</generator><language>en-us</language><copyright>©2017-2019 Yuanyou NGO All Rights Reserved</copyright><lastBuildDate>Tue, 01 Jan 2019 00:00:00 +0000</lastBuildDate>
    <image>
      <url>img/icon-32.png</url>
      <title>白内障</title>
      <link>/tags/%E7%99%BD%E5%86%85%E9%9A%9C/</link>
    </image>
    
    <item>
      <title>Public Welfare Follow-up Activities for Cataract Patients</title>
      <link>/connect/2019010401/</link>
      <pubDate>Tue, 01 Jan 2019 00:00:00 +0000</pubDate>
      <guid>/connect/2019010401/</guid>
      <description></description>
    </item>
    
  </channel>
</rss>
