<?xml version="1.0" encoding="utf-8" standalone="yes" ?>
<rss version="2.0" xmlns:atom="http://www.w3.org/2005/Atom">
  <channel>
    <title>RGP | Yuanyou NGO</title>
    <link>/tags/rgp/</link>
      <atom:link href="/tags/rgp/index.xml" rel="self" type="application/rss+xml" />
    <description>RGP</description>
    <generator>Source Themes Academic (https://sourcethemes.com/academic/)</generator><language>en-us</language><copyright>©2017-2019 Yuanyou NGO All Rights Reserved</copyright><lastBuildDate>Sat, 06 Apr 2019 00:00:00 +0000</lastBuildDate>
    <image>
      <url>img/icon-32.png</url>
      <title>RGP</title>
      <link>/tags/rgp/</link>
    </image>
    
    <item>
      <title>Free RGP Glasses for Low-income Keratoconus Patients 【LucidKorea &amp; Yuanyou NGO】</title>
      <link>/aid/2019040601/</link>
      <pubDate>Sat, 06 Apr 2019 00:00:00 +0000</pubDate>
      <guid>/aid/2019040601/</guid>
      <description></description>
    </item>
    
    <item>
      <title>How to take care of corneal contact lenses</title>
      <link>/wiki/how-to-take-care-of-corneal-contact-lenses/</link>
      <pubDate>Tue, 05 Feb 2019 00:00:00 +0000</pubDate>
      <guid>/wiki/how-to-take-care-of-corneal-contact-lenses/</guid>
      <description></description>
    </item>
    
    <item>
      <title>Receivers of free RGP Glasses in the program of Yuanyou Aid &amp; LucidKorea</title>
      <link>/news/2019061401/</link>
      <pubDate>Thu, 14 Jun 2018 21:00:00 +0000</pubDate>
      <guid>/news/2019061401/</guid>
      <description></description>
    </item>
    
  </channel>
</rss>
