<?xml version="1.0" encoding="utf-8" standalone="yes" ?>
<rss version="2.0" xmlns:atom="http://www.w3.org/2005/Atom">
  <channel>
    <title>orthokeratology lens | 援友公益</title>
    <link>/zh/tags/orthokeratology-lens/</link>
      <atom:link href="/zh/tags/orthokeratology-lens/index.xml" rel="self" type="application/rss+xml" />
    <description>orthokeratology lens</description>
    <generator>Source Themes Academic (https://sourcethemes.com/academic/)</generator><language>zh-Hans</language><copyright>©2017-2019 援友公益版权所有</copyright><lastBuildDate>Wed, 07 Aug 2019 00:00:00 +0000</lastBuildDate>
    <image>
      <url>img/icon-32.png</url>
      <title>orthokeratology lens</title>
      <link>/zh/tags/orthokeratology-lens/</link>
    </image>
    
    <item>
      <title>角膜塑形镜（OK镜）</title>
      <link>/zh/wiki/orthokeratology-lens/</link>
      <pubDate>Wed, 07 Aug 2019 00:00:00 +0000</pubDate>
      <guid>/zh/wiki/orthokeratology-lens/</guid>
      <description>

&lt;h2 id=&#34;概述&#34;&gt;概述&lt;/h2&gt;

&lt;p&gt;角膜塑形镜又称OK镜，是英文Orthokeratology的缩写，它是一种特殊设计制作的硬性高透氧隐形眼镜。这种镜片可以暂时性的重塑角膜形状，即通过改变角膜的几何形态来消除眼睛屈光不正，并能提高裸眼视力的一种非手术方法。大部分角膜塑形镜在晚上睡觉时配戴，通过睡眠时眼睑的压迫来进一步促进塑形效果。角膜塑形技术的最大优点是能够遏制近视的快速加深，阻止青少年从低度近视向高度近视发展，从而减少视网膜脱离、近视黄斑变性等并发症的发生。角膜塑形镜对视力的提高是可逆的，但是如果根据医生的指导长期佩戴，其效果可以得到保持。&lt;/p&gt;

&lt;p&gt;数据统计显示，我国角膜塑形镜的配戴者每年平均增加10万～30万，增长约30%～40%，家长对角膜塑形技术的接受度在快速增加。同时，角膜塑形的科学研究也很热门。截止2019年3月，在万方医学网录入关键词“角膜塑形”，可以检索到角膜塑形相关的研究论文856篇，而且从文献发表的年度看，2010年以后角膜塑形研究突然出现了爆发式的增长。在PubMed录入关键词orthokeratology（角膜塑形），可以检索到501篇相关文章，同样可以看到文献数量在2010年起开始爆发式增长。&lt;/p&gt;

&lt;h2 id=&#34;历史&#34;&gt;历史&lt;/h2&gt;

&lt;p&gt;角膜塑形研究始于1950年代，但在1962年的国际角膜塑形会议上才正式启用了角膜塑形（orthokeratology，简写为ortho-k，或OK镜）这个词。&lt;/p&gt;

&lt;p&gt;最早的视光医师使用硬性角膜接触镜（RGP）来塑形，但这种设计只能降低近视-1.00D（100度），而且塑形效率很低、镜片定位差、不稳定、容易偏位、配戴者异物感强烈。&lt;/p&gt;

&lt;p&gt;1989年的一篇研究报道，通过引入反转弧（RC）形成三弧区设计的塑形镜可以提高镜片在角膜上的稳定性，改善定位，大幅提高近视矫正程度。&lt;/p&gt;

&lt;p&gt;如果在RC外再增加一段与角膜平行的配适弧（AC），就形成了四弧区设计的角膜塑形镜，也是目前通用的设计方式。这种设计能获得更好的密闭效果，定位更稳定，近视降度更大。同时，随着高透气性材料的出现和角膜地形图的普及，四弧段设计的角膜塑形镜能在戴镜一个月内实现-5.00D（500度）的近视降度，被称为“加速塑形镜”（accelerated ortho-k）。&lt;/p&gt;

&lt;h2 id=&#34;原理&#34;&gt;原理&lt;/h2&gt;

&lt;p&gt;角膜塑形镜治疗近视是通过使用特殊设计的角膜塑形镜，对称地、渐进式改变角膜中央表面形状来减低近视；与激光手术效果相似，但与激光手术不同，角膜塑形术产生的效果是临时性及可恢复的，是非手术摘掉近视眼镜的有效可逆性治疗方法。&lt;/p&gt;

&lt;p&gt;研究发现配戴框架镜、软镜接触镜或者RGP后，视网膜周边都会形成远视性离焦，然而配戴角膜塑形镜后，周边角膜因为“牛眼环”曲率增加、屈光力增加，成像时周边物象的焦点会落在视网膜前，周边视网膜会形成近视性离焦状态。而周边视网膜的近视性离焦可保护近视，减缓眼轴增长。这是角膜塑形镜控制近视进展的主要理论[2]。&lt;/p&gt;

&lt;p&gt;虽然角膜塑形镜能帮助大部分人提高视力（包括散光患者及中高度近视患者），但它对特定光度处方范围内的效果更为良好。其它因素包括个体的角膜硬度、角膜形状、眼压水平、角膜散光情况和能否适合佩戴隐形眼镜。使用先进的现代化眼科检查设备的完整检查才能决定佩戴者是否适合佩戴角膜塑形术的治疗。&lt;/p&gt;

&lt;h2 id=&#34;适应症&#34;&gt;适应症&lt;/h2&gt;

&lt;p&gt;目前角膜塑形镜主要用于针对6~8岁以上青少年的近视矫正与近视发展控制，根据国家药监局标准适用于600度以下的近视患者。其他情况可由医生酌情处理，还包括：近视度数-0.75~-6.00D，顺规散光小于-1.50D，逆规散光小于-0.75D；角膜平坦子午线曲率40.00~46.00D；眼部无明显炎症[9]。&lt;/p&gt;

&lt;p&gt;600度至800度以内的近视患者，可在1-2周内可迅速达到5.0以上的视力。 美国FDA批准的隔夜佩戴角膜塑形镜可矫正最高-6.00D（600度）的近视与1.75D（175度）的散光。在英国，角膜塑形镜主要用于近视矫正，范围为近视-5.00D（500度）和散光1.50D（150度）以下。在南非、澳大利亚和台湾，使用GOV角膜塑形镜已经成功地矫正了最高达-10.00D（1000度）的近视和+5.00D（500度）的远视。&lt;/p&gt;

&lt;p&gt;针对成人，角膜塑形镜可以让配戴者日间就不必再戴框架眼镜或隐形眼镜，这也是角膜塑形镜出现的初衷。在美国，角膜塑形镜还用于成人远视患者和老视患者。特殊设计的角膜塑形镜还能在老视患者的角膜上“塑造”多焦的效果，同时解决看远看近的问题。&lt;/p&gt;

&lt;h2 id=&#34;禁忌症&#34;&gt;禁忌症&lt;/h2&gt;

&lt;p&gt;不适于验配角膜塑形镜的情况包括但不限于以下几类，验配时请以临床医生的建议为准，
1. 眼部禁忌症，包括：眼部任何活动期的急性炎症、角膜炎，慢性葡萄膜炎、慢性泪囊炎、严重的干眼症，角膜知觉减退，眼睑闭合不全，麻痹性斜视、白内障、急慢性青光眼和眼底病等；
2. 全身禁忌症，包括：急性副鼻窦炎，类风湿性关节炎等免疫疾患和精神障碍患者等；
3. 个体条件相对禁忌症，包括：生活不能自理，个人卫生不良，依从性差，不能按时复查者；
4. 对护理产品溶液中的成分过敏者；
5. 期望值过高超出角膜塑形镜的治疗范围者。
6. 特殊职业行为。&lt;/p&gt;

&lt;h2 id=&#34;分类&#34;&gt;分类&lt;/h2&gt;

&lt;p&gt;从镜片的设计来看角膜塑形镜的主要分为两类：美国BOSTON公司的VST设计（vision shaping treatment 视觉重塑治疗）与美国PARAGON公司CRT设计（corneal refractive therapy 角膜屈光矫治）。&lt;/p&gt;

&lt;p&gt;目前中国使用的日本阿尔法、美国欧几里德、香港易安易、韩国露晰得、台湾亨泰、国产的合肥梦戴维等的角膜塑形镜都是VST设计。VST设计的角膜塑形镜参数主要包括，
1. BC(Base Curve)基弧，对角膜的中央区施以下压的力量——决定近视矫正的降幅。
2. RC(Reverse Curve)反转弧，通过泪液流体效应对角膜组织产生外拉的作用——决定角膜塑形的速度。
3. AC(Alignment Curve)配适弧或定位弧，保障光学中心的稳定性——保证镜片定位正位、保证塑形矫正效果。
4. PC(Peripheral Curve)周弧，有利于泪液的顺畅交换——提高戴镜安全性。&lt;/p&gt;

&lt;p&gt;验配时，主要通过对标准试戴片的AC的选择进行验配评估，通过戴片上验光计算近视降幅，获得BC参数，而RC则由厂家设计。&lt;/p&gt;

&lt;p&gt;CRT设计的角膜塑形镜是美国市是份额最大的，其历史悠久，设计概念优秀，与VST有很大不同。CRT的设计理念是“Proximity Control”，意为“邻近分区控制”，指塑形镜片相邻的三个分区是独立、参数无联动组成的，分别是BC基弧、RZD(Return Zone Depth)反转区深度和LZA(Landing Zone Angle)着陆角。可以简单地理解为把配适弧的“圆弧”变为了“直线”。&lt;/p&gt;

&lt;h1 id=&#34;应用&#34;&gt;应用&lt;/h1&gt;

&lt;h2 id=&#34;验配&#34;&gt;验配&lt;/h2&gt;

&lt;p&gt;根据国家药监局颁布的《角膜塑形镜经营验配监督管理规定》，任何机构在进行角膜塑形镜验配时需至少遵循以下几方面，
1. 使配戴者充分了解角膜塑形镜的相关知识，包括：作用原理、临床使用现状结果、镜片矫治效果、维持期镜片的使用、配戴风险、禁忌症和注意事项、可选择的其他矫正近视的方法等。&lt;/p&gt;

&lt;ol&gt;
&lt;li&gt;&lt;p&gt;所有配戴者都应进行眼科和角膜塑形镜相关的必要检查，除眼科裂隙灯常规检查外，应包括：角膜形态、角膜厚度、眼轴、眼压、眼位、远\近视力、屈光度、泪液测试、角膜直径、瞳孔直径、眼底检查，并根据检查数据确定是否适合配戴角膜塑形镜。&lt;/p&gt;&lt;/li&gt;

&lt;li&gt;&lt;p&gt;首次配戴镜片和定配前应进行试戴，观察、评估配适状态的配戴评估。&lt;/p&gt;&lt;/li&gt;

&lt;li&gt;&lt;p&gt;根据检查数据和试戴评估结果设计定片参数和配戴方案。&lt;/p&gt;&lt;/li&gt;

&lt;li&gt;&lt;p&gt;必须给配戴者提供配镜后使用指导，内容包括：注意事项、可能出现的不良反应、个人卫生要求、镜片配戴操作、镜片护理常规、护理产品和镜片盒的使用、出现副作用和紧急情况的处理等，并提供使用说明书。&lt;/p&gt;&lt;/li&gt;

&lt;li&gt;&lt;p&gt;必须对所有配戴者建立档案，保存验配记录、复查记录，以保证产品的可追溯性，保存期为5年。&lt;/p&gt;&lt;/li&gt;
&lt;/ol&gt;

&lt;p&gt;此外，角膜塑形镜的验配一般遵循以下流程，可供参考，&lt;/p&gt;

&lt;ol&gt;
&lt;li&gt;对患者进行 眼部检查，了解患者的既往病史及健康状况；&lt;/li&gt;
&lt;li&gt;医生根据患者选择的镜片品牌和患者的眼睛/角膜情况选择型号；&lt;/li&gt;
&lt;li&gt;医生将选定的OK镜为患者试戴；&lt;/li&gt;
&lt;li&gt;医生通过荧光显影、地形图、OCT、裂隙灯、眼部显微等方法查看OK镜与角膜的匹配程度，通过试戴不同镜片进行反复调试。&lt;/li&gt;
&lt;li&gt;合适的镜片选定后，验配机构一般需从厂商订购镜片；&lt;/li&gt;
&lt;li&gt;角膜塑形镜取镜时，对患者进行护理及佩戴教学；&lt;/li&gt;
&lt;li&gt;按照医生的要求定期复查。&lt;/li&gt;
&lt;/ol&gt;

&lt;h2 id=&#34;效果&#34;&gt;效果&lt;/h2&gt;

&lt;p&gt;角膜塑形镜矫正近视过程安全、可靠、效果显著。高科技材料的应用、镜片设计的创新和生产加工的电脑化，是角膜塑形镜技术获得极大成功并被医生和患者广泛接受的关键。轻度或中度的近视患者使用角膜塑形镜后，屈光度明显降低，视力都能在极短时间内取得令人惊讶的改善。&lt;/p&gt;

&lt;p&gt;角膜在几小时到几天内经历了相当程度的适应，尽管完全适应通常需要2-3周。在这个初始阶段，某些人的视力可能会受到影响。经过调整，FDA试验显示超过65％的患者达到20/20视力，90％以上达到20/40或更高（美国典型的无眼镜驾驶要求）。[10] 矫正效果稳定但不是永久性的。离开它自己，眼睛将慢慢失去其调整的形状，在3天左右的某些区域恢复其以前的视野。[9]因此必须定期佩戴Ortho-K镜片，以保持并保持矫正的角膜形状。通常他们只在一天中的一部分时间穿着（通常只在晚上睡觉时）; 一些用户可能只需要每两到三晚使用一晚。[9]&lt;/p&gt;

&lt;p&gt;在各类近视控制手段中，包括角膜塑形、多焦点软性接触镜、阿托品滴眼液、渐变镜/双光镜、户外活动，角膜塑形的近视控制率（比较眼轴）在30~60%之间，属于中、高强度的近视控制方法。&lt;/p&gt;

&lt;p&gt;但研究也发现，配戴角膜塑形镜后的近视控制效果（控制率）会随年龄增加呈现逐渐下降趋势（图13）。这可能是因为，随年龄增加近视本身进展速度就会相对变慢，而近视控制率也就相对变差了。但总体近视近视速度仍然表现为“变慢”。&lt;/p&gt;

&lt;h2 id=&#34;并发症&#34;&gt;并发症&lt;/h2&gt;

&lt;p&gt;角膜塑形镜佩戴所导致的潜在并发症主要包括，感染性角膜炎（包括细菌性和棘阿米巴性）、浸润性角膜炎、角膜上皮脱落或着色、轻度结膜充血等。上述症状发生的概率不高，而且在短期停戴后就能够迅速恢复正常。近年来的文献研究未发现因配戴角膜塑形镜造成的严重并发症，也无角膜炎的报道。&lt;/p&gt;

&lt;p&gt;同时有研究文献指出，角膜塑形镜相关的细菌性角膜炎及其他并发症与患者性别、配戴前近视的度数及镜片的品牌关系不大，而是与验配者和配戴者缺乏培训和教育、不正确的配戴方式、护理不当和随访不及时相关。所以该问题的防范在于规范的验配和护理，对配戴者与家长的宣教，准时的随访检查和及时的并发症处理。&lt;/p&gt;

&lt;h1 id=&#34;日常管理&#34;&gt;日常管理&lt;/h1&gt;

&lt;h2 id=&#34;佩戴&#34;&gt;佩戴&lt;/h2&gt;

&lt;ul&gt;
&lt;li&gt;戴镜前准备
1、剪除过长的指甲。
2、在洗手盆的下水口放一过滤网，以防止镜片被水冲走。
3、用肥皂三次洗净双手，尤其是接触镜片的手指更应反复冲洗。
4、在操作台面的镜子前放一块干净毛巾。
5、打开镜片盒。&lt;/li&gt;
&lt;li&gt;戴镜法一：将镜片内曲面向上置于右手食指尖端，在镜片凹面滴入一滴舒润液，佩戴者双眼固视正前方，用左手食指拉开上眼睑，并固定在眉弓上，右手中指拉开下眼睑，将镜片轻轻放置于角膜中央，先松开下眼睑，在松开上眼睑，轻轻眨眼，对着镜子确保镜片戴在角膜上。&lt;/li&gt;
&lt;li&gt;戴镜法二：用戴镜侧手的食指和拇指打开双睑，手指的位置尽可能的靠近睑缘，镜片放置于另一只手的食指指尖上，将镜片轻轻戴在角膜中央，先松开下眼睑，在松开上眼睑，轻轻眨眼，对着镜子确保镜片戴在角膜上。&lt;/li&gt;
&lt;/ul&gt;

&lt;p&gt;注：可在眼前放置一面镜子，戴镜时，应同时睁开双眼，让眼睛固视镜中一处，在戴镜时要控制眼球的转动，另外，要保证镜片在角膜上放置稳妥后，才可缓慢放开牵拉眼睑的手指，过早放开有可能使镜片偏移或脱落。另外镜片浸泡时间必须大于4小时方可佩戴。&lt;/p&gt;

&lt;h2 id=&#34;护理&#34;&gt;护理&lt;/h2&gt;

&lt;p&gt;RGP多功能护理液，也包括所有硬性隐形眼镜如OK镜、巩膜镜等的多功能护理液，是最近二十多年才发展起来的。尽管早在上世纪40年代，美国的Harry William Hind医生就研发出了第一代真正意义上的隐形眼镜系统，但镜片的护理系统却出现的比较晚。&lt;/p&gt;

&lt;p&gt;早期的护理系统与现在相比，它们的主要功能基本相同，包括清洁、冲洗、消毒、除脂质、除蛋白、贮存等。在此基础上不断发展，今天的多功能护理液逐渐衍生出了保湿、调理等更多功能，它们往往一款产品身兼数职，能同时具备上述的多种功能，并且在使用步骤方面得到了很大简化。&lt;/p&gt;

&lt;p&gt;目前国内市场上畅销的多功能护理液品类众多，不同品牌之间由于产品线及技术的不同，存在着许多异同；同一品牌内部，往往又有着多款不同的护理产品，再加上产品自身的更新换代，护理方法也因此各不相同。常见的有博视顿硬性透气角膜接触镜护理液，美尼康MeniCare Plus多功能护理液，培克能Monocare Moist硬性接触镜护理液等。具体的使用方法请参考您临床医生的建议及护理产品的使用说明。&lt;/p&gt;

&lt;h2 id=&#34;复查&#34;&gt;复查&lt;/h2&gt;

&lt;p&gt;验配后前6个月以内随访复查至少7次，6个月之后每6个月或每3个月一次定期复查，复查内容包括：屈光度、视力、移动度、中心定位、舒适度、荧光素染色、角膜地形图、眼压。复查的主要检查四项客观指标：1。角膜是否健康；2。裸眼视力是否满意；3。戴后地形图是否正常；4。镜片是否损坏。这四项检查结果是患者最关心的，直接高效。有任何问题都可据此做出正确的决策，确保长期健康。&lt;/p&gt;

&lt;h2 id=&#34;使用寿命&#34;&gt;使用寿命&lt;/h2&gt;

&lt;p&gt;目前角膜塑形生产商推荐的镜片更换周期为一年，我国配戴者一般配戴1.5至2年更换。临床实践中发现，如果镜片使用超过一年一定要注意定期复诊，观察塑形效果的变化。如地形图表现变化，可能是镜片参数已经发生了改变，需要重新验配。&lt;/p&gt;

&lt;h1 id=&#34;引用&#34;&gt;引用&lt;/h1&gt;

&lt;ol&gt;
&lt;li&gt;Medeiros, S. (2018, 10, 24). What Is Orthokeratology? 发表于 &lt;a href=&#34;https://www.aao.org/salud-ocular/consejos/what-is-orthokeratology&#34; target=&#34;_blank&#34;&gt;https://www.aao.org/salud-ocular/consejos/what-is-orthokeratology&lt;/a&gt;&lt;/li&gt;
&lt;li&gt;梅颖. (2019, 03, 04)《角膜塑形简史——OK镜的前世、今生和未来》 发表于 &lt;a href=&#34;https://mp.weixin.qq.com/s/uFffoF94yEd-aGmyNWXIiQ&#34; target=&#34;_blank&#34;&gt;https://mp.weixin.qq.com/s/uFffoF94yEd-aGmyNWXIiQ&lt;/a&gt;&lt;/li&gt;
&lt;li&gt;Orthokeratology. (2019, 03, 04). 发表于 &lt;a href=&#34;https://en.wikipedia.org/wiki/Orthokeratology&#34; target=&#34;_blank&#34;&gt;https://en.wikipedia.org/wiki/Orthokeratology&lt;/a&gt;&lt;/li&gt;
&lt;li&gt;角膜塑形镜. (2019, 08, 07). 发表于 &lt;a href=&#34;https://baike.baidu.com/item/角膜塑形镜&#34; target=&#34;_blank&#34;&gt;https://baike.baidu.com/item/角膜塑形镜&lt;/a&gt;&lt;/li&gt;
&lt;li&gt;9病X1. (2018, 10, 07).《多功能护理液的前世今生》，发表于 &lt;a href=&#34;https://yuanyou.site/t/topic/188&#34; target=&#34;_blank&#34;&gt;https://yuanyou.site/t/topic/188&lt;/a&gt;&lt;/li&gt;
&lt;li&gt;梅颖. (2015, 11, 03)《CRT角膜塑形镜验配尝鲜报告之一 —— 理论篇》， 发表于 &lt;a href=&#34;http://blog.sina.cn/dpool/blog/s/blog_66dd29390102vw0b.html&#34; target=&#34;_blank&#34;&gt;http://blog.sina.cn/dpool/blog/s/blog_66dd29390102vw0b.html&lt;/a&gt;&lt;/li&gt;
&lt;li&gt;《角膜塑形镜经营验配监督管理规定》. (2018, 08, 10). 发表于 &lt;a href=&#34;https://baike.baidu.com/item/角膜塑形镜经营验配监督管理规定&#34; target=&#34;_blank&#34;&gt;https://baike.baidu.com/item/角膜塑形镜经营验配监督管理规定&lt;/a&gt;&lt;/li&gt;
&lt;li&gt;ChiChi. (2018, 03, 14). 《关于OK镜，你想知道的一切都在这里》，发表于 &lt;a href=&#34;https://zhuanlan.zhihu.com/p/34571201&#34; target=&#34;_blank&#34;&gt;https://zhuanlan.zhihu.com/p/34571201&lt;/a&gt;&lt;/li&gt;
&lt;li&gt;丽水市中心医院宣传科. (2019, 01, 10). 《【医生谈病】ok镜，对近视进展有明显有效的控制作用》，发表于 &lt;a href=&#34;https://mp.weixin.qq.com/s/FfOG9OfiwFrmVpBOwshSRw&#34; target=&#34;_blank&#34;&gt;https://mp.weixin.qq.com/s/FfOG9OfiwFrmVpBOwshSRw&lt;/a&gt;
&amp;mdash;
&lt;a rel=&#34;license&#34; href=&#34;http://creativecommons.org/licenses/by-sa/4.0//deed.zh&#34;&gt;&lt;/li&gt;
&lt;/ol&gt;

&lt;p&gt;&lt;img src=&#34;/img/zhishigongxiang.PNG&#34; alt=&#34;知识共享许可协议&#34; /&gt;&lt;/p&gt;

&lt;p&gt;&lt;/a&gt;本作品由&lt;a xmlns:cc=&#34;http://creativecommons.org/ns#&#34; href=&#34;https://yuanyou.site&#34; property=&#34;cc:attributionName&#34; rel=&#34;cc:attributionURL&#34;&gt;援友社区&lt;/a&gt;采用&lt;a rel=&#34;license&#34; href=&#34;https://creativecommons.org/licenses/by-sa/4.0/deed.zh&#34;&gt;知识共享署名-相同方式共享 4.0 国际许可协议&lt;/a&gt;进行许可。&lt;/p&gt;
</description>
    </item>
    
  </channel>
</rss>
