[{"categories":null,"content":"Jason Liu comes from Beijing, China. Now he is a high school student in California.\n","date":1569456000,"expirydate":-62135596800,"kind":"taxonomy","lang":"en","lastmod":1569456000,"objectID":"f80caa54e49a226137a9820b9cab5533","permalink":"/volunteers/jasonliu/","publishdate":"0001-01-01T00:00:00Z","relpermalink":"/volunteers/jasonliu/","section":"volunteers","summary":"Jason Liu comes from Beijing, China. Now he is a high school student in California.","tags":null,"title":"Jason Liu","type":"volunteers","volunteers":["jasonliu"]},{"categories":null,"content":"A Dreamer.\n","date":1569456000,"expirydate":-62135596800,"kind":"taxonomy","lang":"en","lastmod":1569456000,"objectID":"676f4e9c48b1f178b61586dab0dccb2c","permalink":"/volunteers/reveurmk/","publishdate":"0001-01-01T00:00:00Z","relpermalink":"/volunteers/reveurmk/","section":"volunteers","summary":"A Dreamer.","tags":null,"title":"reveurmk","type":"volunteers","volunteers":["reveurmk"]},{"categories":null,"content":"Programmer based in Seattle. Keratoconus patient. Founder of Yuanyou NGO.\n","date":1569456000,"expirydate":-62135596800,"kind":"taxonomy","lang":"en","lastmod":1569456000,"objectID":"6ab2951c27bd3a81552c8e18b97bcec6","permalink":"/volunteers/xiaomeng/","publishdate":"0001-01-01T00:00:00Z","relpermalink":"/volunteers/xiaomeng/","section":"volunteers","summary":"Programmer based in Seattle. Keratoconus patient. Founder of Yuanyou NGO.","tags":null,"title":"Xiaomeng","type":"volunteers","volunteers":["xiaomeng"]},{"categories":null,"content":"Bai Jie\n","date":-62135596800,"expirydate":-62135596800,"kind":"taxonomy","lang":"en","lastmod":-62135596800,"objectID":"1c54f7f525b56abf8246de8fe1708f8e","permalink":"/volunteers/baijie/","publishdate":"0001-01-01T00:00:00Z","relpermalink":"/volunteers/baijie/","section":"volunteers","summary":"Bai Jie","tags":null,"title":"Bai Jie","type":"volunteers","volunteers":["baijie"]},{"categories":null,"content":"Lele Liang\n","date":-62135596800,"expirydate":-62135596800,"kind":"taxonomy","lang":"en","lastmod":-62135596800,"objectID":"754652775b198b90f684547e684f4b46","permalink":"/volunteers/lianglele/","publishdate":"0001-01-01T00:00:00Z","relpermalink":"/volunteers/lianglele/","section":"volunteers","summary":"Lele Liang","tags":null,"title":"Lele Liang","type":"volunteers","volunteers":["lianglele"]},{"categories":null,"content":"Jinxuan Qu\n","date":-62135596800,"expirydate":-62135596800,"kind":"taxonomy","lang":"en","lastmod":-62135596800,"objectID":"db175bf1449582ab7293c365d6fd6176","permalink":"/volunteers/qujinxuan/","publishdate":"0001-01-01T00:00:00Z","relpermalink":"/volunteers/qujinxuan/","section":"volunteers","summary":"Jinxuan Qu","tags":null,"title":"Jinxuan Qu","type":"volunteers","volunteers":["qujinxuan"]},{"categories":null,"content":"Ting Wang\n","date":-62135596800,"expirydate":-62135596800,"kind":"taxonomy","lang":"en","lastmod":-62135596800,"objectID":"7e345316335b702471470864ee5c5cc4","permalink":"/volunteers/wangting/","publishdate":"0001-01-01T00:00:00Z","relpermalink":"/volunteers/wangting/","section":"volunteers","summary":"Ting Wang","tags":null,"title":"Ting Wang","type":"volunteers","volunteers":["wangting"]},{"categories":null,"content":"Wind And Longlong.\n","date":-62135596800,"expirydate":-62135596800,"kind":"taxonomy","lang":"en","lastmod":-62135596800,"objectID":"f117efbe22a5e89a08ea96bc34d8f1c7","permalink":"/volunteers/windandlonglong/","publishdate":"0001-01-01T00:00:00Z","relpermalink":"/volunteers/windandlonglong/","section":"volunteers","summary":"Wind And Longlong.","tags":null,"title":"Wind And Longlong","type":"volunteers","volunteers":["windandlonglong"]},{"categories":null,"content":"Shuaitao Yang\n","date":-62135596800,"expirydate":-62135596800,"kind":"taxonomy","lang":"en","lastmod":-62135596800,"objectID":"0dbe24b1498b408abfec84aa1495f61b","permalink":"/volunteers/yangshuaitao/","publishdate":"0001-01-01T00:00:00Z","relpermalink":"/volunteers/yangshuaitao/","section":"volunteers","summary":"Shuaitao Yang","tags":null,"title":"Shuaitao Yang","type":"volunteers","volunteers":["yangshuaitao"]},{"categories":null,"content":"Yang Yu\n","date":-62135596800,"expirydate":-62135596800,"kind":"taxonomy","lang":"en","lastmod":-62135596800,"objectID":"8ad5eee58864fc8ec2a7d239e3ceacaa","permalink":"/volunteers/yuyang/","publishdate":"0001-01-01T00:00:00Z","relpermalink":"/volunteers/yuyang/","section":"volunteers","summary":"Yang Yu","tags":null,"title":"Yang Yu","type":"volunteers","volunteers":["yuyang"]},{"categories":null,"content":"Tao Zhu\n","date":-62135596800,"expirydate":-62135596800,"kind":"taxonomy","lang":"en","lastmod":-62135596800,"objectID":"89597db952e65408803d26ebb5f2b66e","permalink":"/volunteers/zhutao/","publishdate":"0001-01-01T00:00:00Z","relpermalink":"/volunteers/zhutao/","section":"volunteers","summary":"Tao Zhu","tags":null,"title":"Tao Zhu","type":"volunteers","volunteers":["zhutao"]},{"categories":["Wiki"],"content":"","date":1569456000,"expirydate":-62135596800,"kind":"page","lang":"en","lastmod":1569456000,"objectID":"ec937c55035ef65737e524bfd31e8854","permalink":"/wiki/choroideremia/","publishdate":"2019-09-26T00:00:00Z","relpermalink":"/wiki/choroideremia/","section":"wiki","summary":"Learn about Choroideremia. Overview, history, pathogenesis, prevalence, etiology, diagnosis, symptoms, examination, treatment and daily management","tags":["choroideremia"],"title":"Choroideremia","type":"wiki","volunteers":["Xiaomeng","reveurmk","Jason Liu"]},{"categories":null,"content":"","date":1569445200,"expirydate":-62135596800,"kind":"page","lang":"en","lastmod":1569445200,"objectID":"ca78b9604cf621459adb469f7de8cd63","permalink":"/news/2019092501/","publishdate":"2019-09-25T21:00:00Z","relpermalink":"/news/2019092501/","section":"news","summary":"We (Yuanyou NGO) could help patients of Choroideremia in China to reach out to choroideremia research foundation.","tags":["choroideremia"],"title":"Call for Patients of Choroideremia -- Please contact Yuanyou NGO","type":"news","volunteers":["Xiaomeng","reveurmk","Jason Liu"]},{"categories":["Yuanyou Salon"],"content":"","date":1569186000,"expirydate":-62135596800,"kind":"page","lang":"en","lastmod":1569186000,"objectID":"a6ac571cd94d54578fe557a6d513150b","permalink":"/salon/2019092801/","publishdate":"2019-09-22T21:00:00Z","relpermalink":"/salon/2019092801/","section":"salon","summary":"9月28日周六21：00到23：00，西安第四医院魏升升大夫将为大家带来线上公众科普讲座。","tags":["Keratoconus"],"title":"Keratoconus and corneal collagen cross-linking surgery【Edition 62】","type":"salon","volunteers":["Xiaomeng","reveurmk"]},{"categories":null,"content":"","date":1569013200,"expirydate":-62135596800,"kind":"page","lang":"en","lastmod":1569013200,"objectID":"ca80cf7dc2d94d8f6d22c32901f1afc0","permalink":"/news/2019092001/","publishdate":"2019-09-20T21:00:00Z","relpermalink":"/news/2019092001/","section":"news","summary":"We (Yuanyou NGO) could help patients of Usher Syndrome in China to reach out to  Usher Syndrome Coalition.","tags":["Usher Syndrome"],"title":"Call for Usher Syndrome Patients -- Please contact Yuanyou NGO","type":"news","volunteers":["Xiaomeng","reveurmk"]},{"categories":null,"content":"","date":1568062800,"expirydate":-62135596800,"kind":"page","lang":"en","lastmod":1568062800,"objectID":"84e244bc20a715fdf49fc06b5901487e","permalink":"/list-of-all-rare-eye-diseases/","publishdate":"2019-09-09T21:00:00Z","relpermalink":"/list-of-all-rare-eye-diseases/","section":"","summary":"","tags":null,"title":"","type":"page","volunteers":null},{"categories":[],"content":"","date":1565136000,"expirydate":-62135596800,"kind":"page","lang":"en","lastmod":1565136000,"objectID":"88069caabcb711ffe9e95562463726ba","permalink":"/wiki/orthokeratology-lens/","publishdate":"2019-08-07T00:00:00Z","relpermalink":"/wiki/orthokeratology-lens/","section":"wiki","summary":"The history, principles, indications, contraindications, classification, matching, effect, wearing and nursing of corneal-shaped mirrors.","tags":["orthokeratology lens"],"title":"Orthokeratology Lens","type":"wiki","volunteers":null},{"categories":["Yuanyou Salon"],"content":"","date":1563138000,"expirydate":-62135596800,"kind":"page","lang":"en","lastmod":1563138000,"objectID":"6abccc4f35b86384eac71000897d7967","permalink":"/salon/2019071401/","publishdate":"2019-07-14T21:00:00Z","relpermalink":"/salon/2019071401/","section":"salon","summary":"7月20日周六21：00到23：00，西安市第一医院韦伟医生将为大家带来线上公众科普讲座。","tags":["Xi'an No.1 Hospital","Keratoconus"],"title":"2015 Common Expert Opinions on Keratoconus 【Edition 60】","type":"salon","volunteers":null},{"categories":["Yuanyou Salon"],"content":"","date":1562014800,"expirydate":-62135596800,"kind":"page","lang":"en","lastmod":1562014800,"objectID":"f1821cdb05fdafbf16b1f33370340514","permalink":"/salon/2019070101/","publishdate":"2019-07-01T21:00:00Z","relpermalink":"/salon/2019070101/","section":"salon","summary":"7月6日周六21：00到23：00，北京同仁医院邓世靖医生将为大家带来线上公众科普讲座。","tags":["Tongren Hospital","Keratoconus"],"title":"Keratoconus Newest Treatment 【Edition 59】","type":"salon","volunteers":null},{"categories":["Yuanyou Salon"],"content":"","date":1561237200,"expirydate":-62135596800,"kind":"page","lang":"en","lastmod":1561237200,"objectID":"acb0d47515784d05bebeb79b11c729ad","permalink":"/salon/2019062201/","publishdate":"2019-06-22T21:00:00Z","relpermalink":"/salon/2019062201/","section":"salon","summary":"6月22日周六21：00到23：00，露晰得中国产品经理李小路将为大家带来线上公众科普讲座。","tags":["Keratoconus","LucidKorea"],"title":"Analysis of the results of the contact mirror pre-match inspection 【Edition 57】","type":"salon","volunteers":null},{"categories":[],"content":"","date":1556582400,"expirydate":-62135596800,"kind":"page","lang":"en","lastmod":1556582400,"objectID":"648765b997a7ede972240e36d05cb7b4","permalink":"/wiki/best-ophthalmologists-hunan-hubei-province/","publishdate":"2019-04-30T00:00:00Z","relpermalink":"/wiki/best-ophthalmologists-hunan-hubei-province/","section":"wiki","summary":"A presentation of best Ophthalmologists in Hunan and Hubei Province","tags":["Hunan","Hubei","Ophthalmologist"],"title":"Best Ophthalmologists in Hunan and Hubei Province","type":"wiki","volunteers":null},{"categories":[],"content":"","date":1554508800,"expirydate":-62135596800,"kind":"page","lang":"en","lastmod":1554508800,"objectID":"199ab94f6ed91d0d877e7d1d22ba04d7","permalink":"/aid/2019040601/","publishdate":"2019-04-06T00:00:00Z","relpermalink":"/aid/2019040601/","section":"aid","summary":"援助计划，是由援友社区发起的全国性角膜病民间系列公益救助工程，针对角膜病患者提供个性化针对性的全方位公益支持。《低收入圆锥角膜患者RGP救助》是由露晰得中国与援友社区共同发起的公益救助项目，针对低收入圆锥角膜患者及家庭提供免费的露晰得圆锥角膜RGP。","tags":["RGP","Keratoconus"],"title":"Free RGP Glasses for Low-income Keratoconus Patients 【LucidKorea \u0026 Yuanyou NGO】","type":"aid","volunteers":null},{"categories":[],"content":"","date":1551657600,"expirydate":-62135596800,"kind":"page","lang":"en","lastmod":1551657600,"objectID":"ca161fd5124ad4727aac9652ba79a7ab","permalink":"/connect/2019030401/","publishdate":"2019-03-04T00:00:00Z","relpermalink":"/connect/2019030401/","section":"connect","summary":"","tags":["罕见病"],"title":"Medical Assistance Project for Rare Diseases","type":"connect","volunteers":null},{"categories":[],"content":"","date":1549324800,"expirydate":-62135596800,"kind":"page","lang":"en","lastmod":1549324800,"objectID":"b8f3e8c155d4e562012b9d0f5065a468","permalink":"/wiki/best-ophthalmologists-guangdong-province/","publishdate":"2019-02-05T00:00:00Z","relpermalink":"/wiki/best-ophthalmologists-guangdong-province/","section":"wiki","summary":"A presentation of best Ophthalmologists in Guangdong Province","tags":["Guangdong","Ophthalmologists"],"title":"Best Ophthalmologists in Guangdong Province","type":"wiki","volunteers":["Xiaomeng","reveurmk"]},{"categories":[],"content":"","date":1549324800,"expirydate":-62135596800,"kind":"page","lang":"en","lastmod":1549324800,"objectID":"faff6b5b79f70cefba132b7df584e237","permalink":"/wiki/how-to-take-care-of-corneal-contact-lenses/","publishdate":"2019-02-05T00:00:00Z","relpermalink":"/wiki/how-to-take-care-of-corneal-contact-lenses/","section":"wiki","summary":"How to take care of corneal contact lenses (RGP, corneal shape lens, OK lens, sclerecin lens)","tags":["RGP","corneal shape lens","OK lens","sclerecin lens","corneal contact lens"],"title":"How to take care of corneal contact lenses","type":"wiki","volunteers":null},{"categories":[],"content":"","date":1546300800,"expirydate":-62135596800,"kind":"page","lang":"en","lastmod":1546300800,"objectID":"fbdddbb3b155812354e4b6c001023dfc","permalink":"/connect/2019010401/","publishdate":"2019-01-01T00:00:00Z","relpermalink":"/connect/2019010401/","section":"connect","summary":"","tags":["中山大学中山眼科中心","白内障"],"title":"Public Welfare Follow-up Activities for Cataract Patients","type":"connect","volunteers":null},{"categories":[],"content":"","date":1544227200,"expirydate":-62135596800,"kind":"page","lang":"en","lastmod":1544227200,"objectID":"7161fc79eabf7d30ede064263c7005c9","permalink":"/wiki/two-years-after-lamellar-keratoplasty/","publishdate":"2018-12-08T00:00:00Z","relpermalink":"/wiki/two-years-after-lamellar-keratoplasty/","section":"wiki","summary":"My life of two years after lamellar keratoplasty and how I got through","tags":["lamellar keratoplasty","experience sharing","Keratoconus"],"title":"My life, two years after lamellar keratoplasty","type":"wiki","volunteers":null},{"categories":[],"content":"","date":1544140800,"expirydate":-62135596800,"kind":"page","lang":"en","lastmod":1544140800,"objectID":"05738217d35e7bbd3fc924aa7ab05606","permalink":"/wiki/questions-and-answers-with-professor-daxer-of-austria-on-myoring/","publishdate":"2018-12-07T00:00:00Z","relpermalink":"/wiki/questions-and-answers-with-professor-daxer-of-austria-on-myoring/","section":"wiki","summary":"Questions and Answers with Professor Daxer of Austria on MyoRing","tags":["MyoRing","Austria","Professor"],"title":"Questions and Answers with Professor Daxer of Austria on MyoRing","type":"wiki","volunteers":null},{"categories":null,"content":"","date":1529010000,"expirydate":-62135596800,"kind":"page","lang":"en","lastmod":1529010000,"objectID":"8f89dac2268e7d3a63079386311e1eb8","permalink":"/news/2019061401/","publishdate":"2018-06-14T21:00:00Z","relpermalink":"/news/2019061401/","section":"news","summary":"In June 2018, we completed the first program of Yuanyou Aid, and the results are now being made public as follows.","tags":["RGP","Keratoconus"],"title":"Receivers of free RGP Glasses in the program of Yuanyou Aid \u0026 LucidKorea","type":"news","volunteers":["Xiaomeng","reveurmk"]}]