<?xml version="1.0" encoding="utf-8" standalone="yes" ?>
<rss version="2.0" xmlns:atom="http://www.w3.org/2005/Atom">
  <channel>
    <title>Yuanyou NGO</title>
    <link>/volunteers/xiaomeng/</link>
      <atom:link href="/volunteers/xiaomeng/index.xml" rel="self" type="application/rss+xml" />
    <description>Yuanyou NGO</description>
    <generator>Source Themes Academic (https://sourcethemes.com/academic/)</generator><language>en-us</language><copyright>©2017-2019 Yuanyou NGO All Rights Reserved</copyright><lastBuildDate>Thu, 26 Sep 2019 00:00:00 +0000</lastBuildDate>
    <image>
      <url>img/icon-32.png</url>
      <title>Yuanyou NGO</title>
      <link>/volunteers/xiaomeng/</link>
    </image>
    
    <item>
      <title>Choroideremia</title>
      <link>/wiki/choroideremia/</link>
      <pubDate>Thu, 26 Sep 2019 00:00:00 +0000</pubDate>
      <guid>/wiki/choroideremia/</guid>
      <description></description>
    </item>
    
    <item>
      <title>Call for Patients of Choroideremia -- Please contact Yuanyou NGO</title>
      <link>/news/2019092501/</link>
      <pubDate>Wed, 25 Sep 2019 21:00:00 +0000</pubDate>
      <guid>/news/2019092501/</guid>
      <description></description>
    </item>
    
    <item>
      <title>Keratoconus and corneal collagen cross-linking surgery【Edition 62】</title>
      <link>/salon/2019092801/</link>
      <pubDate>Sun, 22 Sep 2019 21:00:00 +0000</pubDate>
      <guid>/salon/2019092801/</guid>
      <description></description>
    </item>
    
    <item>
      <title>Call for Usher Syndrome Patients -- Please contact Yuanyou NGO</title>
      <link>/news/2019092001/</link>
      <pubDate>Fri, 20 Sep 2019 21:00:00 +0000</pubDate>
      <guid>/news/2019092001/</guid>
      <description></description>
    </item>
    
    <item>
      <title>Best Ophthalmologists in Guangdong Province</title>
      <link>/wiki/best-ophthalmologists-guangdong-province/</link>
      <pubDate>Tue, 05 Feb 2019 00:00:00 +0000</pubDate>
      <guid>/wiki/best-ophthalmologists-guangdong-province/</guid>
      <description></description>
    </item>
    
    <item>
      <title>Receivers of free RGP Glasses in the program of Yuanyou Aid &amp; LucidKorea</title>
      <link>/news/2019061401/</link>
      <pubDate>Thu, 14 Jun 2018 21:00:00 +0000</pubDate>
      <guid>/news/2019061401/</guid>
      <description></description>
    </item>
    
  </channel>
</rss>
