<?xml version="1.0" encoding="utf-8" standalone="yes" ?>
<rss version="2.0" xmlns:atom="http://www.w3.org/2005/Atom">
  <channel>
    <title>Usher综合征 | 援友公益</title>
    <link>/zh/tags/usher%E7%BB%BC%E5%90%88%E5%BE%81/</link>
      <atom:link href="/zh/tags/usher%E7%BB%BC%E5%90%88%E5%BE%81/index.xml" rel="self" type="application/rss+xml" />
    <description>Usher综合征</description>
    <generator>Source Themes Academic (https://sourcethemes.com/academic/)</generator><language>zh-Hans</language><copyright>©2017-2019 援友公益版权所有</copyright><lastBuildDate>Fri, 20 Sep 2019 21:00:00 +0000</lastBuildDate>
    <image>
      <url>img/icon-32.png</url>
      <title>Usher综合征</title>
      <link>/zh/tags/usher%E7%BB%BC%E5%90%88%E5%BE%81/</link>
    </image>
    
    <item>
      <title>欢迎Usher综合征患者跟援友公益取得联系</title>
      <link>/zh/news/2019092001/</link>
      <pubDate>Fri, 20 Sep 2019 21:00:00 +0000</pubDate>
      <guid>/zh/news/2019092001/</guid>
      <description>&lt;p&gt;欢迎无脉络膜症患者跟援友公益取得联系，我们会帮助患者跟美国的 &lt;a href=&#34;https://usher-syndrome.org&#34; target=&#34;_blank&#34;&gt;Usher Syndrome Coalition&lt;/a&gt; 对接。一起商讨加入基因测试、参与试验型治疗的可能性。&lt;/p&gt;

&lt;p&gt;我们的联系方式是：kf@mail.yuanyou.site&lt;/p&gt;
</description>
    </item>
    
  </channel>
</rss>
