<?xml version="1.0" encoding="utf-8" standalone="yes" ?>
<rss version="2.0" xmlns:atom="http://www.w3.org/2005/Atom">
  <channel>
    <title>广东 | 援友公益</title>
    <link>/zh/tags/%E5%B9%BF%E4%B8%9C/</link>
      <atom:link href="/zh/tags/%E5%B9%BF%E4%B8%9C/index.xml" rel="self" type="application/rss+xml" />
    <description>广东</description>
    <generator>Source Themes Academic (https://sourcethemes.com/academic/)</generator><language>zh-Hans</language><copyright>©2017-2019 援友公益版权所有</copyright><lastBuildDate>Tue, 05 Feb 2019 00:00:00 +0000</lastBuildDate>
    <image>
      <url>img/icon-32.png</url>
      <title>广东</title>
      <link>/zh/tags/%E5%B9%BF%E4%B8%9C/</link>
    </image>
    
    <item>
      <title>【广东】地区角膜病知名医生介绍</title>
      <link>/zh/wiki/best-ophthalmologists-guangdong-province/</link>
      <pubDate>Tue, 05 Feb 2019 00:00:00 +0000</pubDate>
      <guid>/zh/wiki/best-ophthalmologists-guangdong-province/</guid>
      <description>

&lt;h2 id=&#34;林顺潮&#34;&gt;林顺潮&lt;/h2&gt;

&lt;p&gt;&lt;img src=&#34;/img/wiki/linshunchao.png&#34; alt=&#34;image|84x106&#34; /&gt;&lt;/p&gt;

&lt;p&gt;香港大学内外全科医学士; 爱尔兰皇家内外科医学院眼科文凭; 英国格拉斯哥皇家内外科医学院眼科文凭;&lt;/p&gt;

&lt;p&gt;英国爱丁堡皇家外科医学院院士; 英国皇家眼科学院院士; 香港医学专科学院院士; 香港眼科医学院院士; 香港中文大学医学博士&lt;/p&gt;

&lt;p&gt;林顺潮教授是亚太眼科界领军人之一。他是前任亚太眼科学会 (APAO) 会长、现任亚太玻璃体视网膜学会 (APVRS)会长、《亚太眼科医学杂志》(APJO) 总编辑、亚太眼科科学会 (AAPPO) 及亚太近视学会 (APMS) 秘书长。他亦是国际眼科科学院 (AOI) 院士、國際屈光矯視手術學會 (ISRS) 國際理事、世界青光眼协会 (WGA) 执委委员、以及世界眼科学会 (ICO) 前委员。林教授自2008起年开始担任全国人大代表。他于2012年成立香港国际眼科医疗集团，在香港建立了一家眼科中心、五家眼科诊所，以及分别在深圳和北京各建立了一家眼科医院。&lt;/p&gt;

&lt;p&gt;他曾发表逾800篇SCI文章，H-Index为5.1。主要研究范畴包括：白内障、激光矫视、青光眼、黄斑及视网膜疾病、转化研究及新药研发。除了《亚太眼科医学杂志》外，他曾任或现任逾10份国际SCI学术刊物编辑委员会成员，包括澳大利亚与纽西兰皇家眼科学院官方杂志《眼科临床与实验》副总编，以及多本国际眼科杂志如《英国眼科杂志》、《白内障与屈光外科学杂志》、《斯堪的纳维亚眼科学报》、《日本眼科杂志》的编辑委员等。&lt;/p&gt;

&lt;p&gt;林教授曾任香港中文大学医学院副院长(外务) (2004-2009)、眼科及视觉科学学系主任13年(1998-2011)，以及中山大学眼科国家重点实验室主任 (2012-2015)，这是全国唯一的眼科重点实验室。此外，他是2008年世界眼科大会 (WOC) 筹委会兼大会主席，与会人员来自102个国家，人数逾13,000。&lt;/p&gt;

&lt;p&gt;多年来，林教授多年来全情投入内地扶贫除盲工作。他曾任1997 - 2006年「健康快车」医疗总监。于2004年创办「亮睛工程」，一个可持续发展的中国扶贫除盲大行动。至今，亮睛工程一共在9个省份成立了29个亮睛扶贫眼科中心和一间扶贫眼科医院，培训了逾140名白内障手术医生，完成逾140,000例白内障手术。&lt;/p&gt;

&lt;p&gt;多年以来，林教授被赋予多个奖项，包括「香港十大杰出青年」(1994)、「世界十大杰出青年」(1995)、「香港杰出青年领袖」(1998)、「明日世界领袖」 (2000)、「香港人道年奖」(2007)、亚太眼科及白内障医学会「白内障手术敎育家」奖 (2005)、世界眼科学会 (ICO) 颁发的“Golden Apple Award”(亚太区最佳眼科临床教授奖)、APAO “Jose Rizal Medal”(亚太眼科医学院最高成就奖)、APAO“DeOcampo Lecture”(亚太眼科最高学术成就奖项)，以及被国外知名眼科媒体The Ophthalmologist连续3届(2014&amp;amp; 2016&amp;amp;2018) 评选为世界眼科界100位最具影响力人物之一。此外，他自2004年起被冠冕「太平绅士」一衔。&lt;/p&gt;

&lt;h2 id=&#34;黄挺&#34;&gt;黄挺&lt;/h2&gt;

&lt;p&gt;&lt;img src=&#34;/img/wiki/huangting.jpeg&#34; alt=&#34;image|337x500&#34; /&gt; .&lt;/p&gt;

&lt;p&gt;主任医师，教授，博士研究生导师。中山大学中山眼科中心角膜病科主任。&lt;/p&gt;

&lt;p&gt;中华医学会眼科学分会角膜病学组委员，《中华眼科杂志》编委。 擅长各种角膜移植手术，尤其是对角膜内皮移植、深板层角膜移植、角膜缘移植及化学伤角膜移植有丰富的临床经验。在国内最早开展角膜内皮移植及深板层角膜移植手术。 作为项目负责人，目前承担国家自然科学基金一项，广东省科技项目二项，广州市科技项目一项。主要从事遗传性、免疫性角膜病及角膜移植机理的研究。以第一作者在国内外著名眼科杂志发表论文30多篇，其中SCI10篇；卫生部“十二五”规划教材《眼科学》的编委，编写“眼表疾病”与“角膜病”两章。擅长各种角膜移植手术，尤其是对角膜内皮移植、深板层角膜移植、角膜缘移植及化学伤角膜移植有丰富的临床经验。在国内最早开展角膜内皮移植及深板层角膜移植手术。&lt;/p&gt;

&lt;h2 id=&#34;袁进&#34;&gt;袁进&lt;/h2&gt;

&lt;p&gt;主任医师，医学博士，硕士研究生导师，中山大学中山眼科中心。&lt;/p&gt;

&lt;p&gt;亚洲干眼学会专家会员，中华医学会数字医学分会广东省委员。教育部科技奖励评审专家，卫计委知名专家进社区项目特聘专家，卫计委临床执业医师资格考试临床技能考核广东区主考官，中国医师协会CMB项目培训专家，广州市医疗事故鉴定委员会专家。《中华实验眼科杂志》通讯编委，《眼科学》（期刊）编委，Plos One、Mol Vis、中华眼科杂志特邀审稿专家。慈爱光明角膜复明基金负责人。 主持国家自然科学基金3项，省部级科研基金7项，已在国内外核心眼科期刊发表论著四十余篇，其中SCI论文10篇，受邀为中华眼科杂志、眼科等期刊撰写专家述评7篇，担任了《中华眼科学》（第三版），《眼科学》（五年制第七版）,《眼科学》（八年制第二版）、《眼科疾病临床诊疗规范教程》、《羊膜建库与临床应用》、《全国卫生专业中级考试题库》等7本专著的编委。已培养硕士研究生10人。曾荣获2011年中山大学青年教师授课大赛三等奖，2012年中山大学临床教学技能大赛一等奖，2013年中山眼科中心教学贡献奖，2013年中山眼科中心医疗贡献奖。擅长角膜病及眼表疾病的诊治，尤其是各种类型角膜溃疡、角膜变性、角膜化学伤和干眼、眼表过敏等疾病的个体化综合治疗，在角膜移植（深板层角膜移植、角膜内皮移植、自动板层刀及激光辅助角膜移植）、眼表重建、胬肉手术等方面有丰富的临床经验。&lt;/p&gt;

&lt;h2 id=&#34;余克明&#34;&gt;余克明&lt;/h2&gt;

&lt;p&gt;主任医师，医学博士，硕士研究生导师，中山大学中山眼科中心。&lt;/p&gt;

&lt;p&gt;亚洲干眼学会专家会员，中华医学会数字医学分会广东省委员。教育部科技奖励评审专家，卫计委知名专家进社区项目特聘专家，卫计委临床执业医师资格考试临床技能考核广东区主考官，中国医师协会CMB项目培训专家，广州市医疗事故鉴定委员会专家。《中华实验眼科杂志》通讯编委，《眼科学》（期刊）编委，Plos One、Mol Vis、中华眼科杂志特邀审稿专家。慈爱光明角膜复明基金负责人。 主持国家自然科学基金3项，省部级科研基金7项，已在国内外核心眼科期刊发表论著四十余篇，其中SCI论文10篇，受邀为中华眼科杂志、眼科等期刊撰写专家述评7篇，担任了《中华眼科学》（第三版），《眼科学》（五年制第七版）,《眼科学》（八年制第二版）、《眼科疾病临床诊疗规范教程》、《羊膜建库与临床应用》、《全国卫生专业中级考试题库》等7本专著的编委。已培养硕士研究生10人。曾荣获2011年中山大学青年教师授课大赛三等奖，2012年中山大学临床教学技能大赛一等奖，2013年中山眼科中心教学贡献奖，2013年中山眼科中心医疗贡献奖。擅长角膜病及眼表疾病的诊治，尤其是各种类型角膜溃疡、角膜变性、角膜化学伤和干眼、眼表过敏等疾病的个体化综合治疗，在角膜移植（深板层角膜移植、角膜内皮移植、自动板层刀及激光辅助角膜移植）、眼表重建、胬肉手术等方面有丰富的临床经验。&lt;/p&gt;

&lt;h2 id=&#34;周世有&#34;&gt;周世有&lt;/h2&gt;

&lt;p&gt;主任医师，硕士研究生导师，中山大学中山眼科中心。&lt;/p&gt;

&lt;p&gt;擅长角膜病和眼表疾病的诊治，尤其是对角膜烧伤的综合处理、角膜和眼表移植、泪道手术以及眼前后段联合手术等有丰富的临床经验。&lt;/p&gt;

&lt;h2 id=&#34;凌士奇&#34;&gt;凌士奇&lt;/h2&gt;

&lt;p&gt;主任医师，博士生导师，眼科学博士后，中山大学附属第三医院眼科主任。&lt;/p&gt;

&lt;p&gt;广州市优秀科技人才、国际眼科杂志特约研究员、中国组织工程研究与临床康复杂志执行编委， “IOVS”、 “Curr Eye Res”、“Archives of Ophthalmology”、“Clin Experiment Ophthalmol”等国际知名眼科杂志审稿人，国家自然科学基金、广东省自然科学基金、广东省科技成果评审专家。长期致力于眼表疾病、儿童眼病、角膜移植和羊膜移植的临床治疗与研究。擅长穿透性角膜移植、双板层角膜移植、角膜缘干细胞移植、羊膜移植术；婴幼儿斜视度数的计算机测量及手术矫正；微小斜视度数的治疗；青少年近视的虚焦远化治疗。其中在计算机定位下的斜视手术及近视的虚焦远化治疗在国内处于领先地位。并同时开展了大量科研工作，承担国家自然科学基金、广东省自然科学基金、广东省科技计划项目等10余项研究课题。国内外核心专业杂志发表学术论文40余篇，其中以第一作者或通讯作者发表SCI论文20余篇。&lt;/p&gt;

&lt;h2 id=&#34;刘泉&#34;&gt;刘泉&lt;/h2&gt;

&lt;p&gt;主任医师，激光近视眼治疗中心主任，眼科学博士， 博士研究生导师,1984年毕业于中山医学院医疗系，获中山医科大学博士学位，主任医师，教育部三级教授，美国波士顿新英格兰视光学院（博士后）访问学者。中共广东省委保健专家组成员，美国白内障与屈光手术协会会员，国际隐形眼镜协会教育者委员会委员，中国医师协会眼科医师分会委员，广东省医师协会眼科医师分会常委，广东省眼健康协会副会长，广东省视光学会屈光专业委员会主任委员，广东省视光学会常务理事，广东省教育厅学校近视眼防控专家组成员，香港理工大学客座教授；曾担任第九届世界近视眼大会副主席、美国休斯顿大学客座教授。
擅长近视眼及其他屈光不正（包括老花眼）的矫治及手术治疗，是国内开展角膜微创屈光手术—全飞秒激光小切口角膜微透镜取出术（SmILE）最早及手术量最多的医师之一，对近视眼手术及其相关疾并发症的诊治具有丰富的临床经验。
主持国家自然科学基金中外合作项目、国家科技863计划子项目、国家“十五”科技攻关计划子项目、国家自然科学基金面上项目、教育部博士点基金、广东省科技重点攻关项目、广东省卫生厅科技计划项目、广州市科技计划项目等11项。曾获部省级科技进步一等奖、广东省医药卫生科技进步奖等。
指导并培养中山大学医学研究生多名（包括临床医学八年制专业），同时与香港理工大学联合培养眼科学方向博士研究生究生5名，在读博士研究生5名。&lt;/p&gt;

&lt;h2 id=&#34;刘畅&#34;&gt;刘畅&lt;/h2&gt;

&lt;p&gt;主治医师 中山大学临床医学专业毕业，获中山眼科中心博士学位&lt;/p&gt;

&lt;p&gt;中山大学中山眼科中心 激光近视眼治疗中心&lt;/p&gt;

&lt;p&gt;擅长：屈光不正，屈光手术，圆锥角膜等&lt;/p&gt;

&lt;h2 id=&#34;周胜&#34;&gt;周胜&lt;/h2&gt;

&lt;p&gt;副主任医师，医学博士，中山大学中山眼科中心&lt;/p&gt;

&lt;p&gt;中华医学会眼科学会委员，美国ARVO、AAO、JCAHPO会员，广东省健康协会委员，曾在美国南加州大学Doheny眼科研究所及加拿大蒙特利尔大学眼科系深造学习眼屈光手术，参与完成美国NIH屈光手术研究计划。&lt;/p&gt;

&lt;p&gt;从事屈光手术的临床工作，在激光治疗近视方面有较深的研究，擅长激光手术治疗近视、近视散光等屈光不正。&lt;/p&gt;
</description>
    </item>
    
  </channel>
</rss>
