<?xml version="1.0" encoding="utf-8" standalone="yes" ?>
<rss version="2.0" xmlns:atom="http://www.w3.org/2005/Atom">
  <channel>
    <title>Hubei | 援友公益</title>
    <link>/zh/tags/hubei/</link>
      <atom:link href="/zh/tags/hubei/index.xml" rel="self" type="application/rss+xml" />
    <description>Hubei</description>
    <generator>Source Themes Academic (https://sourcethemes.com/academic/)</generator><language>zh-Hans</language><copyright>©2017-2019 援友公益版权所有</copyright><lastBuildDate>Tue, 30 Apr 2019 00:00:00 +0000</lastBuildDate>
    <image>
      <url>img/icon-32.png</url>
      <title>Hubei</title>
      <link>/zh/tags/hubei/</link>
    </image>
    
    <item>
      <title>【湖北、湖南】地区角膜病知名医生介绍</title>
      <link>/zh/wiki/best-ophthalmologists-hunan-hubei-province/</link>
      <pubDate>Tue, 30 Apr 2019 00:00:00 +0000</pubDate>
      <guid>/zh/wiki/best-ophthalmologists-hunan-hubei-province/</guid>
      <description>

&lt;h2 id=&#34;曾庆延&#34;&gt;曾庆延&lt;/h2&gt;

&lt;p&gt;主任医师，眼科学博士，武汉爱尔眼科医院]业务副院长&lt;/p&gt;

&lt;p&gt;武汉爱尔眼科医院准分子专科主任，角膜病专科主任，屈光手术、角膜病专家。湖北省眼科学会角膜病学组委员，武汉市红十字会爱尔眼库执行主任。&lt;/p&gt;

&lt;p&gt;参编人民卫生出版社等出版眼科专著5部，即： 《临床眼科手术学》《眼科临床用药指南》、《眼表移植学》、《眼病的细胞和分子生物学基础》及《临床眼科诊疗常规》，参译一部，即《眼科手术学—理论与实践》。在《中华眼科杂志》等核心期刊发表论文20余篇，SCI收录论文2篇。作为设计者和执行者参与国家自然科学基金资助课题，结果《真菌性角膜炎的应用基础及临床学研究》获山东省科技进步一等奖。有丰富的眼科临床工作经验，尤其在角膜病及眼表疾病领域有着较深的造诣。已完成各类角膜移植手术500余例，完成各类眼表手术3000余例，2009年成功开展华中地区首例飞秒激光角膜移植手术。&lt;/p&gt;

&lt;h2 id=&#34;文丹&#34;&gt;文丹&lt;/h2&gt;

&lt;p&gt;副主任医师，副教授，硕士生导师，博士&lt;/p&gt;

&lt;p&gt;中华医学会眼科学分会视光学组委员，湖南省医学会眼科学第一届视光学与斜弱视学组委员，湖南省视光学会副会长，中国医疗保健国际交流促进会视觉健康分会第一届青年委员会常委，美国迈阿密大学Bascom Palmer眼科访问学者,湖南省医学会药物基因组转化医学专业委员会委员，《Xiangya Medicine》杂志中青年编委。 2008年获省级优秀科技特派员称号，荣立省级二等功。2009年获湖南省省级青年岗位能手称号。&lt;/p&gt;

&lt;p&gt;首开湘雅医院治疗屈光疾病的屈光视光学门诊。擅长近视屈光手术，是湘雅医院近视激光手术的王牌术者之一。主治近视、远视、散光、弱视、圆锥角膜、老花、视疲劳等屈光性疾病。主持国家自然科学基金1项，湖南省自然科学基金2项及湖南省科技厅项目多项，参与多项科研课题，发表国内外文章30余篇。获湖南省医学科技奖一等奖及湖南省自然科学奖三等奖。&lt;/p&gt;

&lt;h2 id=&#34;何书喜&#34;&gt;何书喜&lt;/h2&gt;

&lt;p&gt;主任医师、教授、硕士生导师 湖南省人民医院眼科&lt;/p&gt;

&lt;p&gt;擅长：眼屈光手术、近视眼防治、角膜眼表疾病诊治、视疲劳。现任湖南省眼科专业委员会角膜眼表学组副组长，湖南省科技厅专家库成员，国内知名屈光手术专家。擅长准分子激光、飞秒激光角膜屈光手术及率先在湖南省开展角膜交联手术，拥有数万例屈光不正手术成功经验，具有丰富的手术操作经验和临床科研能力，主持和参加了多项省厅级科研课题，发表论文二十余篇，两项主持和研究的课题荣获了湖南省科技成果奖。&lt;/p&gt;
</description>
    </item>
    
  </channel>
</rss>
