<?xml version="1.0" encoding="utf-8" standalone="yes" ?>
<rss version="2.0" xmlns:atom="http://www.w3.org/2005/Atom">
  <channel>
    <title>Professor | 援友公益</title>
    <link>/zh/tags/professor/</link>
      <atom:link href="/zh/tags/professor/index.xml" rel="self" type="application/rss+xml" />
    <description>Professor</description>
    <generator>Source Themes Academic (https://sourcethemes.com/academic/)</generator><language>zh-Hans</language><copyright>©2017-2019 援友公益版权所有</copyright><lastBuildDate>Fri, 07 Dec 2018 00:00:00 +0000</lastBuildDate>
    <image>
      <url>img/icon-32.png</url>
      <title>Professor</title>
      <link>/zh/tags/professor/</link>
    </image>
    
    <item>
      <title>与奥地利Daxer教授的19个问答【奥环经验分享系列文章】</title>
      <link>/zh/wiki/questions-and-answers-with-professor-daxer-of-austria-on-myoring/</link>
      <pubDate>Fri, 07 Dec 2018 00:00:00 +0000</pubDate>
      <guid>/zh/wiki/questions-and-answers-with-professor-daxer-of-austria-on-myoring/</guid>
      <description>

&lt;blockquote&gt;
&lt;p&gt;本文来自患者的亲身经历分享&lt;/p&gt;
&lt;/blockquote&gt;

&lt;h2 id=&#34;1-治疗后可能产生的视力改变结果&#34;&gt;1. 治疗后可能产生的视力改变结果?&lt;/h2&gt;

&lt;p&gt;可能产生的最好结果要取决于患者手术前的状况。通常来说最佳矫正视力提高是手术结果最低所能达到的预期。大部分病人得到了显著的视力提高，最好的达到了未矫正视力100%的提升，但是这还要看每个人的个人情况。&lt;/p&gt;

&lt;h2 id=&#34;2-病人多快能够取得最好的术后矫正视力&#34;&gt;2. 病人多快能够取得最好的术后矫正视力?&lt;/h2&gt;

&lt;p&gt;一般在 3‐6 个月内病人就能够感觉到视力的显著提高，但最终的矫正效果可能要一年。这取决于个人的眼角膜质量。比较柔软的角膜会更早的展现出效果，僵硬一些的角膜则需要更长的时间。一般来说，最显著的效果一般在手术后三个月内就会显现出来。&lt;/p&gt;

&lt;h2 id=&#34;3-两只眼的手术需要多长时间完成&#34;&gt;3. 两只眼的手术需要多长时间完成？&lt;/h2&gt;

&lt;p&gt;两只眼的手术一般需要 20 到 25 分钟完成。&lt;/p&gt;

&lt;h2 id=&#34;4-病人回国后可以在哪里对术后眼睛视力进行检测&#34;&gt;4. 病人回国后可以在哪里对术后眼睛视力进行检测?&lt;/h2&gt;

&lt;p&gt;病人可以选择任何国内可靠的眼科医生去做验光和角膜地形图的检测。最好选择Oculus Pentacam的地形图设备（本公众号的另外一片文章&lt;a href=&#34;http://mp.weixin.qq.com/s?__biz=MzUyOTU0NzYzMA==&amp;amp;amp;mid=2247483773&amp;amp;amp;idx=1&amp;amp;amp;sn=8b63d09e54184b7b6840727eca564177&amp;amp;amp;chksm=fa5e297ccd29a06a59d45dc8fb3437dd1be196e2f4ceee295b3c7e3b0f1cee414fb8bb00e98d&amp;amp;amp;scene=21#wechat_redirect&#34; target=&#34;_blank&#34;&gt;不同的角膜地形图仪器有何不同？【新闻】&lt;/a&gt;对此地形图机器有简单介绍）。&lt;/p&gt;

&lt;h2 id=&#34;5-病人术后是否需要戴眼镜或不应当戴眼镜&#34;&gt;5. 病人术后是否需要戴眼镜或不应当戴眼镜?&lt;/h2&gt;

&lt;p&gt;我要想要给病人达到的预期术后效果是不戴眼镜。但是在一些圆锥发展很严重的例子中，低度数的眼镜至少在开车时会被用到。因为在手术后三至六个月内眼角膜表面持续的变化会导致验光结果的不稳定，所以其实在此过程中不应当佩戴眼镜。在Daxer教授对您的个人圆锥情况进行检查之后，您可以得到更好的预估。&lt;/p&gt;

&lt;p&gt;术后是否避光依个人情况而定，不是必须带墨镜。&lt;/p&gt;

&lt;h2 id=&#34;6-植入的myoring会过期-溶解-排异或在外力下破碎吗&#34;&gt;6. 植入的MyoRing会过期、溶解、排异或在外力下破碎吗?&lt;/h2&gt;

&lt;p&gt;植入的MyoRing可以永久使用，材料非常安全，也不会发生溶解的情况。角膜不会排斥奥环，因为这种材料已有广泛的医学应用。眼睛受到严重外伤的情况下，奥环也不会破碎？既因为角膜非常有韧性、具保护功能，也因为环本身有弹性。&lt;/p&gt;

&lt;h2 id=&#34;7-移植奥环后生活及运动是否受限-如潜水-游泳-蹦极-烧烤等-眼保健操及眼部按摩是否可行-可否做头部的核磁共振-以及ct&#34;&gt;7. 移植奥环后生活及运动是否受限？如潜水、游泳、蹦极、烧烤等？ 眼保健操及眼部按摩是否可行？可否做头部的核磁共振？以及CT？&lt;/h2&gt;

&lt;p&gt;都可以，对日常生活并没有什么限制，可以跟常人一样。&lt;/p&gt;

&lt;h2 id=&#34;8-术后你们医院还会帮助病人吗-如果会-需要另外收费吗&#34;&gt;8. 术后你们医院还会帮助病人吗?如果会，需要另外收费吗？&lt;/h2&gt;

&lt;p&gt;在手术的最佳预期结果达到之前，所有术后咨询都是免费的。只有在个别严重圆锥角膜案例中还需要在约一年后再进行激光治疗，目前的费用是217 欧元。其他术后的细微调整都当做是手术售后服务的 一部分，都会是免费的。&lt;/p&gt;

&lt;h2 id=&#34;9-如果病人术后没有达到最好的治疗效果-怎么办&#34;&gt;9. 如果病人术后没有达到最好的治疗效果，怎么办？&lt;/h2&gt;

&lt;p&gt;目前可以替代 MyoRing 这项技术的现代眼科手术只有眼角膜移植。眼角膜移植任何时候都可以做的，但是其对视力的提高更无法预期。而且，上一年我们有很多病人是在做了角膜移植手术之后才来我们中心做了这个 MyoRing 的移植。&lt;/p&gt;

&lt;h2 id=&#34;10-术后的不规则散光如何改善-角膜继续变薄是否正常-会不会发展到移植&#34;&gt;10. 术后的不规则散光如何改善？角膜继续变薄是否正常，会不会发展到移植？&lt;/h2&gt;

&lt;p&gt;术后不规则散光，矫正视力不好，需要调整环或者激光，或者配镜。奥环后角膜理论上不会持续变薄。&lt;/p&gt;

&lt;h2 id=&#34;11-皮肤表面易留下疤痕-是否影响手术效果&#34;&gt;11. 皮肤表面易留下疤痕，是否影响手术效果？&lt;/h2&gt;

&lt;p&gt;医生查看了女儿身上的疤痕，认为不属于疤痕体质，可以做奥环。&lt;/p&gt;

&lt;h2 id=&#34;12-正在快速发展中-如厚度两个月下降20um-的圆锥是否适合做奥环&#34;&gt;12. 正在快速发展中（如厚度两个月下降20um)的圆锥是否适合做奥环？&lt;/h2&gt;

&lt;p&gt;正在快速发展的更应该及时与医生沟通，尽早治疗。&lt;/p&gt;

&lt;h2 id=&#34;13-术后可能会出现哪些不适-应如何处理-是否可用发热眼贴&#34;&gt;13. 术后可能会出现哪些不适，应如何处理？是否可用发热眼贴？&lt;/h2&gt;

&lt;p&gt;基本没有不适，如有，个别问题需个别沟通。发热眼贴可以使用，但术后不要马上用，恢复期3-6个月，等愈合好之后可以用。&lt;/p&gt;

&lt;h2 id=&#34;14-奥环后在中国配不出框架该怎么办&#34;&gt;14. 奥环后在中国配不出框架该怎么办？&lt;/h2&gt;

&lt;p&gt;配不出眼镜的情况还需要具体跟医生沟通，无法一概而论。&lt;/p&gt;

&lt;h2 id=&#34;15-奥环10年来是否对患者进行过跟踪来评估效果&#34;&gt;15. 奥环10年来是否对患者进行过跟踪来评估效果？&lt;/h2&gt;

&lt;p&gt;医生没有回答跟踪效果的问题，但表明有问题都可以同他保持联系。而且官网有提到，因为不想有恶意广告嫌疑，医院没有提供患者的术后体验分享。也有可能因为手术人数的样本容量还不够支撑具有统计意义的分析，个体之间又存在差异，因此比较难给出准确的回答。&lt;/p&gt;

&lt;h2 id=&#34;16-奥环有失败的案例吗&#34;&gt;16. 奥环有失败的案例吗？&lt;/h2&gt;

&lt;p&gt;奥环曾有3个失败案例，是术前就已经是很差的条件、且已经预估到可能无效。在坚持手术之后效果不佳。&lt;/p&gt;

&lt;h2 id=&#34;17-换环或调整的最佳时间&#34;&gt;17. 换环或调整的最佳时间？&lt;/h2&gt;

&lt;p&gt;3-6个月稳定后就可以评估出奥环的效果。更换及调整时间依个人方便，医院接受预约调整，没有说明时间限制。&lt;/p&gt;

&lt;h2 id=&#34;18-教科书上说角膜的前弹力层等不能再生-圆锥角膜会持续变薄变陡峭-奥环控制圆的原理是什么&#34;&gt;18.  教科书上说角膜的前弹力层等不能再生，圆锥角膜会持续变薄变陡峭，奥环控制圆的原理是什么？&lt;/h2&gt;

&lt;p&gt;角膜8年一个生长循环周期，并不是不能再生。奥环能改变角膜的生物学受力，可以让再生长出来的细胞分布更合理，从而控制疾病。&lt;/p&gt;

&lt;h2 id=&#34;19-请问您关于用激光制造隧道然后再植入基质环的看法&#34;&gt;19. 请问您关于用激光制造隧道然后再植入基质环的看法&lt;/h2&gt;

&lt;p&gt;飞秒技术通常用于在约100微米深度进行LASIK手术，它的切割质量不足以进行MyoRing植入，并且不能提供最佳的结果。原因是飞秒激光将短而小的激光脉冲射入角膜，并将每个激光脉冲聚焦在角膜内的特定深度。在焦点处，激光脉冲“爆炸”以此切割角膜。在爆炸点可以看到小气泡。通过将一个个这样的激光点彼此相邻放置，可以形成切割平面，但气泡之间仍然有角膜组织相连。相比于PocketMaker的完美切割，飞秒切割具有非常粗糙和不规则的切面。&lt;/p&gt;
</description>
    </item>
    
  </channel>
</rss>
