<?xml version="1.0" encoding="utf-8" standalone="yes" ?>
<rss version="2.0" xmlns:atom="http://www.w3.org/2005/Atom">
  <channel>
    <title>Publication_types | 援友公益</title>
    <link>/zh/publication_types/</link>
      <atom:link href="/zh/publication_types/index.xml" rel="self" type="application/rss+xml" />
    <description>Publication_types</description>
    <generator>Source Themes Academic (https://sourcethemes.com/academic/)</generator><language>zh-Hans</language><copyright>©2017-2019 援友公益版权所有</copyright>
    <image>
      <url>img/icon-32.png</url>
      <title>Publication_types</title>
      <link>/zh/publication_types/</link>
    </image>
    
  </channel>
</rss>
