<?xml version="1.0" encoding="utf-8" standalone="yes" ?>
<rss version="2.0" xmlns:atom="http://www.w3.org/2005/Atom">
  <channel>
    <title>Xi&#39;an No.1 Hospital | Yuanyou NGO</title>
    <link>/tags/xian-no.1-hospital/</link>
      <atom:link href="/tags/xian-no.1-hospital/index.xml" rel="self" type="application/rss+xml" />
    <description>Xi&#39;an No.1 Hospital</description>
    <generator>Source Themes Academic (https://sourcethemes.com/academic/)</generator><language>en-us</language><copyright>©2017-2019 Yuanyou NGO All Rights Reserved</copyright><lastBuildDate>Sun, 14 Jul 2019 21:00:00 +0000</lastBuildDate>
    <image>
      <url>img/icon-32.png</url>
      <title>Xi&#39;an No.1 Hospital</title>
      <link>/tags/xian-no.1-hospital/</link>
    </image>
    
    <item>
      <title>2015 Common Expert Opinions on Keratoconus 【Edition 60】</title>
      <link>/salon/2019071401/</link>
      <pubDate>Sun, 14 Jul 2019 21:00:00 +0000</pubDate>
      <guid>/salon/2019071401/</guid>
      <description></description>
    </item>
    
  </channel>
</rss>
