<?xml version="1.0" encoding="utf-8" standalone="yes" ?>
<rss version="2.0" xmlns:atom="http://www.w3.org/2005/Atom">
  <channel>
    <title>Ophthalmologists | Yuanyou NGO</title>
    <link>/tags/ophthalmologists/</link>
      <atom:link href="/tags/ophthalmologists/index.xml" rel="self" type="application/rss+xml" />
    <description>Ophthalmologists</description>
    <generator>Source Themes Academic (https://sourcethemes.com/academic/)</generator><language>en-us</language><copyright>©2017-2019 Yuanyou NGO All Rights Reserved</copyright><lastBuildDate>Tue, 05 Feb 2019 00:00:00 +0000</lastBuildDate>
    <image>
      <url>img/icon-32.png</url>
      <title>Ophthalmologists</title>
      <link>/tags/ophthalmologists/</link>
    </image>
    
    <item>
      <title>Best Ophthalmologists in Guangdong Province</title>
      <link>/wiki/best-ophthalmologists-guangdong-province/</link>
      <pubDate>Tue, 05 Feb 2019 00:00:00 +0000</pubDate>
      <guid>/wiki/best-ophthalmologists-guangdong-province/</guid>
      <description></description>
    </item>
    
  </channel>
</rss>
