<?xml version="1.0" encoding="utf-8" standalone="yes" ?>
<rss version="2.0" xmlns:atom="http://www.w3.org/2005/Atom">
  <channel>
    <title>Yuanyou Connect | Yuanyou NGO</title>
    <link>/connect/</link>
      <atom:link href="/connect/index.xml" rel="self" type="application/rss+xml" />
    <description>Yuanyou Connect</description>
    <generator>Source Themes Academic (https://sourcethemes.com/academic/)</generator><language>en-us</language><copyright>©2017-2019 Yuanyou NGO All Rights Reserved</copyright><lastBuildDate>Mon, 04 Mar 2019 00:00:00 +0000</lastBuildDate>
    <image>
      <url>img/icon-32.png</url>
      <title>Yuanyou Connect</title>
      <link>/connect/</link>
    </image>
    
    <item>
      <title>Medical Assistance Project for Rare Diseases</title>
      <link>/connect/2019030401/</link>
      <pubDate>Mon, 04 Mar 2019 00:00:00 +0000</pubDate>
      <guid>/connect/2019030401/</guid>
      <description></description>
    </item>
    
    <item>
      <title>Public Welfare Follow-up Activities for Cataract Patients</title>
      <link>/connect/2019010401/</link>
      <pubDate>Tue, 01 Jan 2019 00:00:00 +0000</pubDate>
      <guid>/connect/2019010401/</guid>
      <description></description>
    </item>
    
  </channel>
</rss>
