<?xml version="1.0" encoding="utf-8" standalone="yes" ?>
<rss version="2.0" xmlns:atom="http://www.w3.org/2005/Atom">
  <channel>
    <title>Volunteers | ONG Yuanyou</title>
    <link>/fr/volunteers/</link>
      <atom:link href="/fr/volunteers/index.xml" rel="self" type="application/rss+xml" />
    <description>Volunteers</description>
    <generator>Source Themes Academic (https://sourcethemes.com/academic/)</generator><language>fr-fr</language><copyright>©2017-2019 Tous les droits reservés à ONG Yuanyou</copyright>
    <image>
      <url>img/icon-32.png</url>
      <title>Volunteers</title>
      <link>/fr/volunteers/</link>
    </image>
    
    <item>
      <title></title>
      <link>/fr/volunteers/nobody/</link>
      <pubDate>Mon, 01 Jan 0001 00:00:00 +0000</pubDate>
      <guid>/fr/volunteers/nobody/</guid>
      <description></description>
    </item>
    
  </channel>
</rss>
