<?xml version="1.0" encoding="utf-8" standalone="yes" ?>
<rss version="2.0" xmlns:atom="http://www.w3.org/2005/Atom">
  <channel>
    <title>Yuanyou Aid | Yuanyou NGO</title>
    <link>/aid/</link>
      <atom:link href="/aid/index.xml" rel="self" type="application/rss+xml" />
    <description>Yuanyou Aid</description>
    <generator>Source Themes Academic (https://sourcethemes.com/academic/)</generator><language>en-us</language><copyright>©2017-2019 Yuanyou NGO All Rights Reserved</copyright><lastBuildDate>Sat, 06 Apr 2019 00:00:00 +0000</lastBuildDate>
    <image>
      <url>img/icon-32.png</url>
      <title>Yuanyou Aid</title>
      <link>/aid/</link>
    </image>
    
    <item>
      <title>Free RGP Glasses for Low-income Keratoconus Patients 【LucidKorea &amp; Yuanyou NGO】</title>
      <link>/aid/2019040601/</link>
      <pubDate>Sat, 06 Apr 2019 00:00:00 +0000</pubDate>
      <guid>/aid/2019040601/</guid>
      <description></description>
    </item>
    
  </channel>
</rss>
