<?xml version="1.0" encoding="utf-8" standalone="yes" ?>
<rss version="2.0" xmlns:atom="http://www.w3.org/2005/Atom">
  <channel>
    <title>OK lens | 援友公益</title>
    <link>/zh/tags/ok-lens/</link>
      <atom:link href="/zh/tags/ok-lens/index.xml" rel="self" type="application/rss+xml" />
    <description>OK lens</description>
    <generator>Source Themes Academic (https://sourcethemes.com/academic/)</generator><language>zh-Hans</language><copyright>©2017-2019 援友公益版权所有</copyright><lastBuildDate>Tue, 05 Feb 2019 00:00:00 +0000</lastBuildDate>
    <image>
      <url>img/icon-32.png</url>
      <title>OK lens</title>
      <link>/zh/tags/ok-lens/</link>
    </image>
    
    <item>
      <title>角膜接触镜护理大全</title>
      <link>/zh/wiki/how-to-take-care-of-corneal-contact-lenses/</link>
      <pubDate>Tue, 05 Feb 2019 00:00:00 +0000</pubDate>
      <guid>/zh/wiki/how-to-take-care-of-corneal-contact-lenses/</guid>
      <description>

&lt;h1 id=&#34;综合&#34;&gt;综合&lt;/h1&gt;

&lt;p&gt;【视频】&lt;a href=&#34;https://mp.weixin.qq.com/s/moBCowTiSwDVl_WcLvm6rg&#34; target=&#34;_blank&#34;&gt;北京远程视觉眼科门诊镜片护理摘戴教程&lt;/a&gt;&lt;/p&gt;

&lt;p&gt;【视频】&lt;a href=&#34;https://mp.weixin.qq.com/s/bpPwith2ZsPHpIG50qt9bQ&#34; target=&#34;_blank&#34;&gt;露晰得角膜塑形镜摘戴及护理3.0&lt;/a&gt;&lt;/p&gt;

&lt;p&gt;【视频】&lt;a href=&#34;https://mp.weixin.qq.com/s/E2BsIbC1ikTL0RaOo_3SVw&#34; target=&#34;_blank&#34;&gt;聚焦爱眼日 | 角膜塑形镜、RGP隐形眼镜摘戴护理公益视频今日上线！&lt;/a&gt;&lt;/p&gt;

&lt;p&gt;【视频】&lt;a href=&#34;https://mp.weixin.qq.com/s/HR6F2meuQ-N_PtRdmW18Ww&#34; target=&#34;_blank&#34;&gt;角膜塑形镜和RGP隐形眼镜摘戴护理教学视频&lt;/a&gt;&lt;/p&gt;

&lt;h1 id=&#34;摘戴镜&#34;&gt;摘戴镜&lt;/h1&gt;

&lt;p&gt;【图文】 &lt;a href=&#34;https://yuanyou.site/t/topic/1209&#34; target=&#34;_blank&#34;&gt;注意这3个细节，大大避免镜片掉地！ | 露晰得问答 &lt;/a&gt;&lt;/p&gt;

&lt;p&gt;【图文】&lt;a href=&#34;http://mp.weixin.qq.com/s?__biz=MjM5NzU2NjQxMg==&amp;amp;mid=2651790958&amp;amp;idx=1&amp;amp;sn=4c82d6246a115770b3eea866d1930acf&amp;amp;chksm=bd23bccd8a5435db41ef521a6f40b777af2eb2b4c55c6db5e96d380a2710b8f7755e0ae5bb14&amp;amp;scene=21#wechat_redirect&#34; target=&#34;_blank&#34;&gt;怎么办！OK镜“吸”在眼睛上摘不下来！&lt;/a&gt;&lt;/p&gt;

&lt;p&gt;【视频图文】&lt;a href=&#34;http://mp.weixin.qq.com/s?__biz=MjM5NzU2NjQxMg==&amp;amp;mid=2651790917&amp;amp;idx=1&amp;amp;sn=3038eecc209a996ac928f9aa0e9adb57&amp;amp;chksm=bd23bce68a5435f0e355acb145e8e4a0e1479ac573afbf250ac3e55f7d69b3f95bfeb33bf1c5&amp;amp;scene=21#wechat_redirect&#34; target=&#34;_blank&#34;&gt;家长必读！OK镜怎么才算“戴好”了？&lt;/a&gt;&lt;/p&gt;

&lt;p&gt;【视频图文】&lt;a href=&#34;http://mp.weixin.qq.com/s?__biz=MjM5NzU2NjQxMg==&amp;amp;mid=2651790876&amp;amp;idx=1&amp;amp;sn=67bb30bbd58a5ddad265a5fc6c301c90&amp;amp;chksm=bd23bcbf8a5435a9ca8dd1f8443cd77d61824edaa8f6f1048c75795a68f635253d92d8672926&amp;amp;scene=21#wechat_redirect&#34; target=&#34;_blank&#34;&gt;晨起摘镜才发现镜片左右戴反了，要紧吗？是否有影响？&lt;/a&gt;&lt;/p&gt;

&lt;p&gt;【视频图文】&lt;a href=&#34;http://mp.weixin.qq.com/s?__biz=MjM5NzU2NjQxMg==&amp;amp;mid=2651790650&amp;amp;idx=1&amp;amp;sn=e574a5797619afec24932d7bdb81381a&amp;amp;chksm=bd23bf998a54368fc417550f667853e081bc2fbf0001751aa3987989cf26906cda892e42587b&amp;amp;scene=21#wechat_redirect&#34; target=&#34;_blank&#34;&gt;孩子自主摘戴OK镜的方法&lt;/a&gt;&lt;/p&gt;

&lt;p&gt;【视频图文】&lt;a href=&#34;http://mp.weixin.qq.com/s?__biz=MjM5NzU2NjQxMg==&amp;amp;mid=2651790614&amp;amp;idx=1&amp;amp;sn=01a80cede5071fe1bfcccf41215df2ed&amp;amp;chksm=bd23bfb58a5436a3a9e68aa980815982b0bb2ecabd2842ccd4ee219fdbb4b262e23fa1834ea7&amp;amp;scene=21#wechat_redirect&#34; target=&#34;_blank&#34;&gt;OK镜/RGP戴偏，有气泡？3个小技巧帮你有效避免&lt;/a&gt;&lt;/p&gt;

&lt;p&gt;【视频图文】&lt;a href=&#34;http://mp.weixin.qq.com/s?__biz=MjM5NzU2NjQxMg==&amp;amp;mid=2651790593&amp;amp;idx=1&amp;amp;sn=8e719ac5e03491f47d633b382d58efcb&amp;amp;chksm=bd23bfa28a5436b4af91efdaefc28f09102d7adad895e604f6bc6d5e59042b98828fcc7bec27&amp;amp;scene=21#wechat_redirect&#34; target=&#34;_blank&#34;&gt;吸棒丢了，“三步”学会手摘OK镜&lt;/a&gt;&lt;/p&gt;

&lt;p&gt;【视频图文】&lt;a href=&#34;http://mp.weixin.qq.com/s?__biz=MjM5NzU2NjQxMg==&amp;amp;mid=2651790585&amp;amp;idx=1&amp;amp;sn=3cb5f1c5f6da928e294f1fd786633f41&amp;amp;chksm=bd23be5a8a54374c675397d22d5580b07ea23ea1e5f39ff879cae5f315121bd1b020740f04ea&amp;amp;scene=21#wechat_redirect&#34; target=&#34;_blank&#34;&gt;早上摘OK镜做到“三确认”，可有效避免角膜点染！&lt;/a&gt;&lt;/p&gt;

&lt;p&gt;【视频文字】&lt;a href=&#34;http://mp.weixin.qq.com/s?__biz=MjM5NzU2NjQxMg==&amp;amp;mid=2651790493&amp;amp;idx=1&amp;amp;sn=9310dc529542c7584375866f8d5eb38d&amp;amp;chksm=bd23be3e8a5437288608ff69baf66decba8e027f38a50d16813dd0b14626aee4bb4ead8430ef&amp;amp;scene=21#wechat_redirect&#34; target=&#34;_blank&#34;&gt;孩子升学寄宿等家长无法帮助戴镜？教你一招让孩子学会自主戴镜&lt;/a&gt;&lt;/p&gt;

&lt;p&gt;【图文】&lt;a href=&#34;http://mp.weixin.qq.com/s?__biz=MjM5NzU2NjQxMg==&amp;amp;mid=2651790444&amp;amp;idx=1&amp;amp;sn=79046da23eca719efbab029c211aca0a&amp;amp;chksm=bd23becf8a5437d9f0c8a393b0012579767d67e46fa6d927eadbdcc83ce9d6af28137ffc3b58&amp;amp;scene=21#wechat_redirect&#34; target=&#34;_blank&#34;&gt;被冬天“封印”的镜片如何破解？对不愿离开被窝起床摘镜的娃怎么说服？&lt;/a&gt;&lt;/p&gt;

&lt;p&gt;【视频】 &lt;a href=&#34;https://mp.weixin.qq.com/s/njkHg5Ynpl6qqNOf3TNYxw&#34; target=&#34;_blank&#34;&gt;目立康（Menicon）RGP摘戴方法与镜片移位时的处理方法（视频）&lt;/a&gt;&lt;/p&gt;

&lt;p&gt;【视频】 &lt;a href=&#34;https://mp.weixin.qq.com/s/6T06L6L_pERqIjpCcPA1ew&#34; target=&#34;_blank&#34;&gt; 视频 | 目立康（Menicon）RGP摘戴方法与镜片移位时的处理方法&lt;/a&gt;&lt;/p&gt;

&lt;p&gt;【视频图文】&lt;a href=&#34;https://mp.weixin.qq.com/s/niCqWdzyJi4dJTu9kiBrhg&#34; target=&#34;_blank&#34;&gt; 小助手攻略丨超详细OK镜、RGP隐形眼镜摘镜视频来了！&lt;/a&gt;&lt;/p&gt;

&lt;p&gt;【视频图文】&lt;a href=&#34;https://mp.weixin.qq.com/s/d2h3GVMu0t6uVN0SDFVejA&#34; target=&#34;_blank&#34;&gt; 小助手攻略丨戴镜太麻烦？其实2分钟就能搞定！&lt;/a&gt;&lt;/p&gt;

&lt;p&gt;【视频图文】&lt;a href=&#34;https://mp.weixin.qq.com/s/H95RHudbQZm_bH6hqIVCew&#34; target=&#34;_blank&#34;&gt;谁说摘镜缺了吸棒不行，2种手摘硬镜方法，拿走拿走别客气！&lt;/a&gt;&lt;/p&gt;

&lt;p&gt;【视频图文】&lt;a href=&#34;https://mp.weixin.qq.com/s/8W9FInFuRSNARQgx24w3pg&#34; target=&#34;_blank&#34;&gt;视频 | 角膜塑形镜、RGP隐形眼镜的摘镜操作步骤&lt;/a&gt;&lt;/p&gt;

&lt;p&gt;【视频图文】&lt;a href=&#34;https://mp.weixin.qq.com/s/QAfhYdBRT-fek6pso4zflg&#34; target=&#34;_blank&#34;&gt;视频 | 角膜塑形镜、RGP隐形眼镜正确戴镜步骤&lt;/a&gt;&lt;/p&gt;

&lt;p&gt;【视频图文】&lt;a href=&#34;https://mp.weixin.qq.com/s/fWfNhqymMjl9lAn0wq0Nvw&#34; target=&#34;_blank&#34;&gt;角膜塑形镜佩戴方法&lt;/a&gt;&lt;/p&gt;

&lt;h1 id=&#34;护理&#34;&gt;护理&lt;/h1&gt;

&lt;p&gt;【文字】 &lt;a href=&#34;https://yuanyou.site/t/topic/188&#34; target=&#34;_blank&#34;&gt;RGP多功能护理液的前世今生 &lt;/a&gt;&lt;/p&gt;

&lt;p&gt;【文字】 &lt;a href=&#34;https://yuanyou.site/t/topic/201/&#34; target=&#34;_blank&#34;&gt;护理隐形眼镜时“揉搓和冲洗”真的那么重要吗？&lt;/a&gt;&lt;/p&gt;

&lt;p&gt;【视频图文】&lt;a href=&#34;https://mp.weixin.qq.com/s/_ErO3EIs2fuEuNoxbbrnqA&#34; target=&#34;_blank&#34;&gt; 小助手攻略丨你的镜片真的清洗干净了吗？&lt;/a&gt;&lt;/p&gt;

&lt;h3 id=&#34;双氧水&#34;&gt;双氧水&lt;/h3&gt;

&lt;p&gt;【文字】&lt;a href=&#34;https://yuanyou.site/t/topic/167&#34; target=&#34;_blank&#34;&gt;双氧水硬镜护理液怎么样？&lt;/a&gt;
【图文】 &lt;a href=&#34;https://yuanyou.site/t/topic/183/&#34; target=&#34;_blank&#34;&gt;沙福隆美汐/优卓优可怜/雅培爱视洁双氧水RGP/OK镜护理方案全介绍&lt;/a&gt;&lt;/p&gt;

&lt;p&gt;【视频图文】 &lt;a href=&#34;http://mp.weixin.qq.com/s?__biz=MjM5NzU2NjQxMg==&amp;amp;mid=2651791003&amp;amp;idx=1&amp;amp;sn=740f5a26aa132f14b35dc2e38984de48&amp;amp;chksm=bd23bc388a54352e79aefaca8b59f5c0a6f7fdb3f1ad271972de50512fbadca4e5f71191016a&amp;amp;scene=21#wechat_redirect&#34; target=&#34;_blank&#34;&gt;优可伶双氧水“超级说明书”，请查收！&lt;/a&gt;&lt;/p&gt;

&lt;p&gt;【图文】&lt;a href=&#34;http://mp.weixin.qq.com/s?__biz=MjM5NzU2NjQxMg==&amp;amp;mid=2651790666&amp;amp;idx=1&amp;amp;sn=3692c294a3e92f5f5726ec4ee980dc84&amp;amp;chksm=bd23bfe98a5436ffd12bbbc979aa63e8a2519378b6a29c1fabebeff829c523cc721aa5db1b7f&amp;amp;scene=21#wechat_redirect&#34; target=&#34;_blank&#34;&gt;优可怜双氧水护理OK镜的11个常见疑问&lt;/a&gt;&lt;/p&gt;

&lt;p&gt;【图文】&lt;a href=&#34;http://mp.weixin.qq.com/s?__biz=MjM5NzU2NjQxMg==&amp;amp;mid=2651790441&amp;amp;idx=1&amp;amp;sn=832831e75890d18095da74c00950a2ff&amp;amp;chksm=bd23beca8a5437dcdf0f8124daa5dd37d7b900e8916faed5bd4515c03fd39ebd581d9effa377&amp;amp;scene=21#wechat_redirect&#34; target=&#34;_blank&#34;&gt;优可伶双氧水专题篇：一解你使用中遇到的5大疑惑&lt;/a&gt;&lt;/p&gt;

&lt;h3 id=&#34;多功能护理液&#34;&gt;多功能护理液&lt;/h3&gt;

&lt;p&gt;【图文】 &lt;a href=&#34;https://yuanyou.site/t/topic/171/&#34; target=&#34;_blank&#34;&gt;培克能、爱尔康视康硬性隐形眼镜RGP/OK镜护理方案全介绍&lt;/a&gt;&lt;/p&gt;

&lt;p&gt;【图文】&lt;a href=&#34;https://yuanyou.site/t/topic/162/&#34; target=&#34;_blank&#34;&gt;博士伦博视顿硬性角膜接触镜（RGP/OK镜）护理方案全攻略&lt;/a&gt;&lt;/p&gt;

&lt;p&gt;【图文】&lt;a href=&#34;https://yuanyou.site/t/topic/165/&#34; target=&#34;_blank&#34;&gt;Menicon美尼康硬性隐形眼镜（RGP/OK镜）护理方案全攻略&lt;/a&gt;&lt;/p&gt;

&lt;p&gt;【视频图文】&lt;a href=&#34;http://mp.weixin.qq.com/s?__biz=MjM5NzU2NjQxMg==&amp;amp;mid=2651790799&amp;amp;idx=1&amp;amp;sn=d02847c2f09a5f364870a54d6bd49112&amp;amp;chksm=bd23bf6c8a54367a34f1369b3d2acfcb0aa56af8c91c5627633582b771529e8c530bb1e6735e&amp;amp;scene=21#wechat_redirect&#34; target=&#34;_blank&#34;&gt;OK镜/RGP洗不干净？罪魁祸首竟是它！&lt;/a&gt;&lt;/p&gt;

&lt;p&gt;【视频图文】&lt;a href=&#34;https://mp.weixin.qq.com/s/mW923N0JX1UJcdkrOxeSog&#34; target=&#34;_blank&#34;&gt; 小助手攻略丨OK镜、RGP隐形眼镜看不清？可能是除蛋白没做好！（AB液）&lt;/a&gt;&lt;/p&gt;

&lt;p&gt;【图文】&lt;a href=&#34;https://mp.weixin.qq.com/s/aG4gABpcrXGAhD2iqqF8Gw&#34; target=&#34;_blank&#34;&gt; 开学两周了，你的硬镜除蛋白了没？&lt;/a&gt;&lt;/p&gt;

&lt;p&gt;【图文】&lt;a href=&#34;https://mp.weixin.qq.com/s/AZak9p344YqLeq8cF9v7LA&#34; target=&#34;_blank&#34;&gt; 硬镜除蛋白多重要？看了这妹子的复查换片经历，网友表示细思恐极……&lt;/a&gt;&lt;/p&gt;

&lt;p&gt;【图文】&lt;a href=&#34;https://mp.weixin.qq.com/s/NCg6qpCnrepuuWWQqdCp6A&#34; target=&#34;_blank&#34;&gt;硬镜A、B液除蛋白护理操作步骤详解&lt;/a&gt;&lt;/p&gt;

&lt;p&gt;【视频图文】&lt;a href=&#34;https://mp.weixin.qq.com/s/LuzNFe1MIknSk-afSY3GZQ&#34; target=&#34;_blank&#34;&gt;视频 | 硬镜A、B液除蛋白护理正确操作步骤&lt;/a&gt;&lt;/p&gt;

&lt;h3 id=&#34;工具手法&#34;&gt;工具手法&lt;/h3&gt;

&lt;p&gt;【图文】&lt;a href=&#34;https://yuanyou.site/t/topic/1207&#34; target=&#34;_blank&#34;&gt;这些常用的OK镜/RGP镜盒，你都用对了吗？| 露晰得问答&lt;/a&gt;&lt;/p&gt;

&lt;p&gt;【文字】&lt;a href=&#34;https://mp.weixin.qq.com/s?__biz=MjM5NzU2NjQxMg==&amp;amp;mid=2651789813&amp;amp;idx=1&amp;amp;sn=4e96420f8a39b506e4883655c379ebb9&amp;amp;chksm=bd23bb568a5432404f7687ef2705514730ae379103e5a10085858fa2efcd6269ff465edc8f17#rd&#34; target=&#34;_blank&#34;&gt;还镜片一个干净整洁的家！| 露晰得问答&lt;/a&gt;&lt;/p&gt;

&lt;p&gt;【视频图文】&lt;a href=&#34;http://mp.weixin.qq.com/s?__biz=MjM5NzU2NjQxMg==&amp;amp;mid=2651790806&amp;amp;idx=1&amp;amp;sn=cb017f5bbccd159c620b5ef4adce8796&amp;amp;chksm=bd23bf758a543663fad79d8636920bee620a8ba7706f275b779c731d23e8019f8b80c987b2c0&amp;amp;scene=21#wechat_redirect&#34; target=&#34;_blank&#34;&gt;这些每天用的OK镜/RGP护理工具，清洗方法你做对了吗？&lt;/a&gt;&lt;/p&gt;

&lt;p&gt;【视频图文】 &lt;a href=&#34;https://mp.weixin.qq.com/s/_hsXdUy6SXH0DSrNFg3zoA&#34; target=&#34;_blank&#34;&gt;小助手攻略丨镜片储存时，这些问题你注意到了吗？&lt;/a&gt;&lt;/p&gt;

&lt;p&gt;【图文视频】&lt;a href=&#34;https://mp.weixin.qq.com/s/dk-RblVNwGMSHlItEP2Dhg&#34; target=&#34;_blank&#34;&gt;视频 | 角膜塑形镜、RGP隐形眼镜正确清洗步骤&lt;/a&gt;&lt;/p&gt;

&lt;p&gt;【图文视频】&lt;a href=&#34;https://mp.weixin.qq.com/s/scfme3eE0PRNJLJfdrO3Tg&#34; target=&#34;_blank&#34;&gt;视频 | 角膜塑形镜、RGP隐形眼镜如何正确储存&lt;/a&gt;&lt;/p&gt;

&lt;p&gt;【图文视频】&lt;a href=&#34;https://mp.weixin.qq.com/s/5lbKVEkgpUit71Ga2-Gj-w&#34; target=&#34;_blank&#34;&gt;五种洗镜手法动态解析！&lt;/a&gt;&lt;/p&gt;

&lt;p&gt;【图文】&lt;a href=&#34;https://mp.weixin.qq.com/s/7_bImoHKvf3D8KI5KRZ4eg&#34; target=&#34;_blank&#34;&gt;硬镜的镜片保存盒如何消毒晾干？&lt;/a&gt;&lt;/p&gt;

&lt;h3 id=&#34;特殊情况处理&#34;&gt;特殊情况处理&lt;/h3&gt;

&lt;p&gt;【视频图文】 &lt;a href=&#34;http://mp.weixin.qq.com/s?__biz=MjM5NzU2NjQxMg==&amp;amp;mid=2651790771&amp;amp;idx=1&amp;amp;sn=3ac3ab0801bb9382af71eea1aa72428d&amp;amp;chksm=bd23bf108a5436064afdbd0cd59d7093e32b2a90660c3c6b7d3da86fd0f6582504456d09a00c&amp;amp;scene=21#wechat_redirect&#34; target=&#34;_blank&#34;&gt;旅行期间，我的OK镜怎么办？&lt;/a&gt;&lt;/p&gt;

&lt;p&gt;【视频图文】 &lt;a href=&#34;http://mp.weixin.qq.com/s?__biz=MjM5NzU2NjQxMg==&amp;amp;mid=2651790578&amp;amp;idx=1&amp;amp;sn=e0ee7761d9e0126370d67820c76c2401&amp;amp;chksm=bd23be518a543747e221ba1e1ad451b1e091cf9e09ab981ba3e3ed98aaf742ae39c8ba1c0b99&amp;amp;scene=21#wechat_redirect&#34; target=&#34;_blank&#34;&gt;复查时医生告知OK镜/RGP有划痕，心好痛，请告诉我它是怎么来的？&lt;/a&gt;&lt;/p&gt;

&lt;p&gt;【图文】&lt;a href=&#34;http://mp.weixin.qq.com/s?__biz=MjM5NzU2NjQxMg==&amp;amp;mid=2651790484&amp;amp;idx=1&amp;amp;sn=da6113102cdbb7f36779a78b04690d7c&amp;amp;chksm=bd23be378a543721ffc7bcfc4fd6d56c7a7590c3fd49578e513e409a244612dfa94da86dd89e&amp;amp;scene=21#wechat_redirect&#34; target=&#34;_blank&#34;&gt;镜片冲入下水道、护理步骤记不清……因为没有正确使用这些护理品&lt;/a&gt;&lt;/p&gt;

&lt;p&gt;【图文】&lt;a href=&#34;http://mp.weixin.qq.com/s?__biz=MjM5NzU2NjQxMg==&amp;amp;mid=2651791011&amp;amp;idx=1&amp;amp;sn=21aad1f603d11720957fde710de60e17&amp;amp;chksm=bd23bc008a54351663667c02b603166312892bf15f29000d0d4a7cc9aa60c245c6eff1479d16&amp;amp;scene=21#wechat_redirect&#34; target=&#34;_blank&#34;&gt;收藏！寒假了，给孩子配了OK镜以后需要注意什么？&lt;/a&gt;&lt;/p&gt;

&lt;p&gt;【图文】&lt;a href=&#34;http://mp.weixin.qq.com/s?__biz=MjM5NzU2NjQxMg==&amp;amp;mid=2651790831&amp;amp;idx=1&amp;amp;sn=563679a16c5b24d3b721799dfcda5bd4&amp;amp;chksm=bd23bf4c8a54365af9f4add0955f638a7b8b386a4cdfd50b1d7445a381a41d675bd21d7d89d8&amp;amp;scene=21#wechat_redirect&#34; target=&#34;_blank&#34;&gt;开学季，配戴OK镜，家长们最关心的5大疑问都在这了！&lt;/a&gt;&lt;/p&gt;

&lt;p&gt;【图文】&lt;a href=&#34;http://mp.weixin.qq.com/s?__biz=MjM5NzU2NjQxMg==&amp;amp;mid=2651790735&amp;amp;idx=1&amp;amp;sn=0dabca860f1e18f67d2cbbbb5283a4ed&amp;amp;chksm=bd23bf2c8a54363a3e1a1e595e6d13f09fcf2fa6c123b414ac739492ac4c654840ea8c3963fa&amp;amp;scene=21#wechat_redirect&#34; target=&#34;_blank&#34;&gt;这份取OK镜前的注意事项清单，请签收&lt;/a&gt;&lt;/p&gt;

&lt;p&gt;【视频图文】&lt;a href=&#34;http://mp.weixin.qq.com/s?__biz=MjM5NzU2NjQxMg==&amp;amp;mid=2651790701&amp;amp;idx=1&amp;amp;sn=614834beddec9bb9b0f8cb73ab0e646a&amp;amp;chksm=bd23bfce8a5436d8f825cafdc0eccfa035f5f306e53f9bd7fb4753d1057d1965354c0fa8a81d&amp;amp;scene=21#wechat_redirect&#34; target=&#34;_blank&#34;&gt;暑期更换OK镜的家长们，这3个问题你该好好看看&lt;/a&gt;&lt;/p&gt;

&lt;p&gt;【图文】&lt;a href=&#34;https://mp.weixin.qq.com/s/MoW4ZA2VntXqopnpHnA6PA&#34; target=&#34;_blank&#34;&gt; 脑瓜疼脑瓜疼，RGP隐形眼镜左右、正反分不清！&lt;/a&gt;&lt;/p&gt;

&lt;p&gt;【视频图文】&lt;a href=&#34;https://mp.weixin.qq.com/s/omOcqgStHBYLxV_9glLyjw&#34; target=&#34;_blank&#34;&gt; 硬性隐形眼镜的正确保存方法&lt;/a&gt;&lt;/p&gt;

&lt;p&gt;【图文】&lt;a href=&#34;https://mp.weixin.qq.com/s/d1WNU9-FRTON8Lr1if6R7Q&#34; target=&#34;_blank&#34;&gt; 冬季硬镜护理 | 姿势不对，全都白费！&lt;/a&gt;&lt;/p&gt;

&lt;p&gt;【图文】&lt;a href=&#34;https://mp.weixin.qq.com/s/CnzH8PbqElD82RkEwY1CFg&#34; target=&#34;_blank&#34;&gt; 你负责十一旅行出去浪，我负责把假期硬镜护理指南贴心奉上！&lt;/a&gt;&lt;/p&gt;

&lt;p&gt;【图文】&lt;a href=&#34;https://mp.weixin.qq.com/s/YOT5LDRRrYrEh7Jpq8yYUQ&#34; target=&#34;_blank&#34;&gt; 恕我直言，你可能并不是一个会护理硬镜的住宿生&lt;/a&gt;&lt;/p&gt;

&lt;p&gt;【视频图文】&lt;a href=&#34;https://mp.weixin.qq.com/s/PURXD5SJcevaPt4Z3icBiw&#34; target=&#34;_blank&#34;&gt;小助手攻略丨镜片掉落了还能戴吗？&lt;/a&gt;&lt;/p&gt;

&lt;p&gt;【图文】&lt;a href=&#34;https://mp.weixin.qq.com/s/XRiOyNWy8K-sUjRyOir5CQ&#34; target=&#34;_blank&#34;&gt;史上最全塑镜错误操作一览，快来看看有没有你&lt;/a&gt;&lt;/p&gt;

&lt;p&gt;【图文】&lt;a href=&#34;https://mp.weixin.qq.com/s/Pxnylqny0BPoxwBkiP5H2g&#34; target=&#34;_blank&#34;&gt;建议收藏，吸棒丢了、镜片偏了，好捉急~肿么办？&lt;/a&gt;&lt;/p&gt;

&lt;p&gt;【图文视频】&lt;a href=&#34;https://mp.weixin.qq.com/s/C0efiPq5VibFUJMKYBZxfg&#34; target=&#34;_blank&#34;&gt;视频 | 配戴角膜塑形镜、RGP隐形眼镜，镜片掉落怎么处理？&lt;/a&gt;&lt;/p&gt;

&lt;p&gt;【图文】&lt;a href=&#34;https://mp.weixin.qq.com/s?__biz=MzIyOTMwNzIwMA==&amp;amp;mid=2247484383&amp;amp;amp;idx=1&amp;amp;amp;sn=5d9b237a8c195fc08694b821fdb56092&amp;amp;source=41#wechat_redirect&#34; target=&#34;_blank&#34;&gt;答患者问丨停戴RGP隐形眼镜，应该怎么保存？&lt;/a&gt;&lt;/p&gt;

&lt;p&gt;【图文】&lt;a href=&#34;https://mp.weixin.qq.com/s/UK382YH2lFzpI5X-hLmdkA&#34; target=&#34;_blank&#34;&gt;SOS角膜塑形镜，紧急情况处理合集！&lt;/a&gt;&lt;/p&gt;

&lt;p&gt;【图文】&lt;a href=&#34;https://mp.weixin.qq.com/s/rOGlJr8r1K6SlwGDeAZDNA&#34; target=&#34;_blank&#34;&gt;OK镜“偏位”？怎么办？&lt;/a&gt;&lt;/p&gt;

&lt;p&gt;【图文视频】&lt;a href=&#34;https://mp.weixin.qq.com/s/ng2ECL8cPklcJsGbgdf1gA&#34; target=&#34;_blank&#34;&gt;晨起摘镜才发现镜片左右戴反了，要紧吗？是否有影响？| 露晰得问答&lt;/a&gt;&lt;/p&gt;

&lt;hr /&gt;

&lt;p&gt;&lt;a rel=&#34;license&#34; href=&#34;http://creativecommons.org/licenses/by-sa/4.0//deed.zh&#34;&gt;&lt;/p&gt;

&lt;p&gt;&lt;img src=&#34;/img/zhishigongxiang.PNG&#34; alt=&#34;知识共享许可协议&#34; /&gt;&lt;/p&gt;

&lt;p&gt;&lt;/a&gt;本作品由&lt;a xmlns:cc=&#34;http://creativecommons.org/ns#&#34; href=&#34;https://yuanyou.site&#34; property=&#34;cc:attributionName&#34; rel=&#34;cc:attributionURL&#34;&gt;援友社区&lt;/a&gt;采用&lt;a rel=&#34;license&#34; href=&#34;https://creativecommons.org/licenses/by-sa/4.0/deed.zh&#34;&gt;知识共享署名-相同方式共享 4.0 国际许可协议&lt;/a&gt;进行许可。&lt;/p&gt;
</description>
    </item>
    
  </channel>
</rss>
