<?xml version="1.0" encoding="utf-8" standalone="yes" ?>
<rss version="2.0" xmlns:atom="http://www.w3.org/2005/Atom">
  <channel>
    <title>Ophthalmologist | Yuanyou NGO</title>
    <link>/tags/ophthalmologist/</link>
      <atom:link href="/tags/ophthalmologist/index.xml" rel="self" type="application/rss+xml" />
    <description>Ophthalmologist</description>
    <generator>Source Themes Academic (https://sourcethemes.com/academic/)</generator><language>en-us</language><copyright>©2017-2019 Yuanyou NGO All Rights Reserved</copyright><lastBuildDate>Tue, 30 Apr 2019 00:00:00 +0000</lastBuildDate>
    <image>
      <url>img/icon-32.png</url>
      <title>Ophthalmologist</title>
      <link>/tags/ophthalmologist/</link>
    </image>
    
    <item>
      <title>Best Ophthalmologists in Hunan and Hubei Province</title>
      <link>/wiki/best-ophthalmologists-hunan-hubei-province/</link>
      <pubDate>Tue, 30 Apr 2019 00:00:00 +0000</pubDate>
      <guid>/wiki/best-ophthalmologists-hunan-hubei-province/</guid>
      <description></description>
    </item>
    
  </channel>
</rss>
