<?xml version="1.0" encoding="utf-8" standalone="yes" ?>
<rss version="2.0" xmlns:atom="http://www.w3.org/2005/Atom">
  <channel>
    <title>中山大学中山眼科中心 | Yuanyou NGO</title>
    <link>/tags/%E4%B8%AD%E5%B1%B1%E5%A4%A7%E5%AD%A6%E4%B8%AD%E5%B1%B1%E7%9C%BC%E7%A7%91%E4%B8%AD%E5%BF%83/</link>
      <atom:link href="/tags/%E4%B8%AD%E5%B1%B1%E5%A4%A7%E5%AD%A6%E4%B8%AD%E5%B1%B1%E7%9C%BC%E7%A7%91%E4%B8%AD%E5%BF%83/index.xml" rel="self" type="application/rss+xml" />
    <description>中山大学中山眼科中心</description>
    <generator>Source Themes Academic (https://sourcethemes.com/academic/)</generator><language>en-us</language><copyright>©2017-2019 Yuanyou NGO All Rights Reserved</copyright><lastBuildDate>Tue, 01 Jan 2019 00:00:00 +0000</lastBuildDate>
    <image>
      <url>img/icon-32.png</url>
      <title>中山大学中山眼科中心</title>
      <link>/tags/%E4%B8%AD%E5%B1%B1%E5%A4%A7%E5%AD%A6%E4%B8%AD%E5%B1%B1%E7%9C%BC%E7%A7%91%E4%B8%AD%E5%BF%83/</link>
    </image>
    
    <item>
      <title>Public Welfare Follow-up Activities for Cataract Patients</title>
      <link>/connect/2019010401/</link>
      <pubDate>Tue, 01 Jan 2019 00:00:00 +0000</pubDate>
      <guid>/connect/2019010401/</guid>
      <description></description>
    </item>
    
  </channel>
</rss>
