<?xml version="1.0" encoding="utf-8" standalone="yes" ?>
<rss version="2.0" xmlns:atom="http://www.w3.org/2005/Atom">
  <channel>
    <title>无脉络膜症 | 援友公益</title>
    <link>/zh/tags/%E6%97%A0%E8%84%89%E7%BB%9C%E8%86%9C%E7%97%87/</link>
      <atom:link href="/zh/tags/%E6%97%A0%E8%84%89%E7%BB%9C%E8%86%9C%E7%97%87/index.xml" rel="self" type="application/rss+xml" />
    <description>无脉络膜症</description>
    <generator>Source Themes Academic (https://sourcethemes.com/academic/)</generator><language>zh-Hans</language><copyright>©2017-2019 援友公益版权所有</copyright><lastBuildDate>Wed, 25 Sep 2019 21:00:00 +0000</lastBuildDate>
    <image>
      <url>img/icon-32.png</url>
      <title>无脉络膜症</title>
      <link>/zh/tags/%E6%97%A0%E8%84%89%E7%BB%9C%E8%86%9C%E7%97%87/</link>
    </image>
    
    <item>
      <title>欢迎无脉络膜症患者跟援友公益取得联系</title>
      <link>/zh/news/2019092501/</link>
      <pubDate>Wed, 25 Sep 2019 21:00:00 +0000</pubDate>
      <guid>/zh/news/2019092501/</guid>
      <description>&lt;p&gt;欢迎无脉络膜症患者跟援友公益取得联系，我们会帮助患者跟美国的 &lt;a href=&#34;https://www.curechm.org&#34; target=&#34;_blank&#34;&gt;Choroideremia Research Foundation&lt;/a&gt; 对接。一起商讨加入基因测试、参与试验型治疗的可能性。&lt;/p&gt;

&lt;p&gt;我们的联系方式是：kf@mail.yuanyou.site&lt;/p&gt;
</description>
    </item>
    
  </channel>
</rss>
