<?xml version="1.0" encoding="utf-8" standalone="yes" ?>
<rss version="2.0" xmlns:atom="http://www.w3.org/2005/Atom">
  <channel>
    <title>Tags | Yuanyou NGO</title>
    <link>/tags/</link>
      <atom:link href="/tags/index.xml" rel="self" type="application/rss+xml" />
    <description>Tags</description>
    <generator>Source Themes Academic (https://sourcethemes.com/academic/)</generator><language>en-us</language><copyright>©2017-2019 Yuanyou NGO All Rights Reserved</copyright><lastBuildDate>Thu, 26 Sep 2019 00:00:00 +0000</lastBuildDate>
    <image>
      <url>img/icon-32.png</url>
      <title>Tags</title>
      <link>/tags/</link>
    </image>
    
    <item>
      <title>choroideremia</title>
      <link>/tags/choroideremia/</link>
      <pubDate>Thu, 26 Sep 2019 00:00:00 +0000</pubDate>
      <guid>/tags/choroideremia/</guid>
      <description></description>
    </item>
    
    <item>
      <title>Keratoconus</title>
      <link>/tags/keratoconus/</link>
      <pubDate>Sun, 22 Sep 2019 21:00:00 +0000</pubDate>
      <guid>/tags/keratoconus/</guid>
      <description></description>
    </item>
    
    <item>
      <title>Usher Syndrome</title>
      <link>/tags/usher-syndrome/</link>
      <pubDate>Fri, 20 Sep 2019 21:00:00 +0000</pubDate>
      <guid>/tags/usher-syndrome/</guid>
      <description></description>
    </item>
    
    <item>
      <title>orthokeratology lens</title>
      <link>/tags/orthokeratology-lens/</link>
      <pubDate>Wed, 07 Aug 2019 00:00:00 +0000</pubDate>
      <guid>/tags/orthokeratology-lens/</guid>
      <description></description>
    </item>
    
    <item>
      <title>Xi&#39;an No.1 Hospital</title>
      <link>/tags/xian-no.1-hospital/</link>
      <pubDate>Sun, 14 Jul 2019 21:00:00 +0000</pubDate>
      <guid>/tags/xian-no.1-hospital/</guid>
      <description></description>
    </item>
    
    <item>
      <title>Tongren Hospital</title>
      <link>/tags/tongren-hospital/</link>
      <pubDate>Mon, 01 Jul 2019 21:00:00 +0000</pubDate>
      <guid>/tags/tongren-hospital/</guid>
      <description></description>
    </item>
    
    <item>
      <title>LucidKorea</title>
      <link>/tags/lucidkorea/</link>
      <pubDate>Sat, 22 Jun 2019 21:00:00 +0000</pubDate>
      <guid>/tags/lucidkorea/</guid>
      <description></description>
    </item>
    
    <item>
      <title>Hubei</title>
      <link>/tags/hubei/</link>
      <pubDate>Tue, 30 Apr 2019 00:00:00 +0000</pubDate>
      <guid>/tags/hubei/</guid>
      <description></description>
    </item>
    
    <item>
      <title>Hunan</title>
      <link>/tags/hunan/</link>
      <pubDate>Tue, 30 Apr 2019 00:00:00 +0000</pubDate>
      <guid>/tags/hunan/</guid>
      <description></description>
    </item>
    
    <item>
      <title>Ophthalmologist</title>
      <link>/tags/ophthalmologist/</link>
      <pubDate>Tue, 30 Apr 2019 00:00:00 +0000</pubDate>
      <guid>/tags/ophthalmologist/</guid>
      <description></description>
    </item>
    
    <item>
      <title>RGP</title>
      <link>/tags/rgp/</link>
      <pubDate>Sat, 06 Apr 2019 00:00:00 +0000</pubDate>
      <guid>/tags/rgp/</guid>
      <description></description>
    </item>
    
    <item>
      <title>罕见病</title>
      <link>/tags/%E7%BD%95%E8%A7%81%E7%97%85/</link>
      <pubDate>Mon, 04 Mar 2019 00:00:00 +0000</pubDate>
      <guid>/tags/%E7%BD%95%E8%A7%81%E7%97%85/</guid>
      <description></description>
    </item>
    
    <item>
      <title>corneal contact lens</title>
      <link>/tags/corneal-contact-lens/</link>
      <pubDate>Tue, 05 Feb 2019 00:00:00 +0000</pubDate>
      <guid>/tags/corneal-contact-lens/</guid>
      <description></description>
    </item>
    
    <item>
      <title>corneal shape lens</title>
      <link>/tags/corneal-shape-lens/</link>
      <pubDate>Tue, 05 Feb 2019 00:00:00 +0000</pubDate>
      <guid>/tags/corneal-shape-lens/</guid>
      <description></description>
    </item>
    
    <item>
      <title>Guangdong</title>
      <link>/tags/guangdong/</link>
      <pubDate>Tue, 05 Feb 2019 00:00:00 +0000</pubDate>
      <guid>/tags/guangdong/</guid>
      <description></description>
    </item>
    
    <item>
      <title>OK lens</title>
      <link>/tags/ok-lens/</link>
      <pubDate>Tue, 05 Feb 2019 00:00:00 +0000</pubDate>
      <guid>/tags/ok-lens/</guid>
      <description></description>
    </item>
    
    <item>
      <title>Ophthalmologists</title>
      <link>/tags/ophthalmologists/</link>
      <pubDate>Tue, 05 Feb 2019 00:00:00 +0000</pubDate>
      <guid>/tags/ophthalmologists/</guid>
      <description></description>
    </item>
    
    <item>
      <title>sclerecin lens</title>
      <link>/tags/sclerecin-lens/</link>
      <pubDate>Tue, 05 Feb 2019 00:00:00 +0000</pubDate>
      <guid>/tags/sclerecin-lens/</guid>
      <description></description>
    </item>
    
    <item>
      <title>中山大学中山眼科中心</title>
      <link>/tags/%E4%B8%AD%E5%B1%B1%E5%A4%A7%E5%AD%A6%E4%B8%AD%E5%B1%B1%E7%9C%BC%E7%A7%91%E4%B8%AD%E5%BF%83/</link>
      <pubDate>Tue, 01 Jan 2019 00:00:00 +0000</pubDate>
      <guid>/tags/%E4%B8%AD%E5%B1%B1%E5%A4%A7%E5%AD%A6%E4%B8%AD%E5%B1%B1%E7%9C%BC%E7%A7%91%E4%B8%AD%E5%BF%83/</guid>
      <description></description>
    </item>
    
    <item>
      <title>白内障</title>
      <link>/tags/%E7%99%BD%E5%86%85%E9%9A%9C/</link>
      <pubDate>Tue, 01 Jan 2019 00:00:00 +0000</pubDate>
      <guid>/tags/%E7%99%BD%E5%86%85%E9%9A%9C/</guid>
      <description></description>
    </item>
    
    <item>
      <title>experience sharing</title>
      <link>/tags/experience-sharing/</link>
      <pubDate>Sat, 08 Dec 2018 00:00:00 +0000</pubDate>
      <guid>/tags/experience-sharing/</guid>
      <description></description>
    </item>
    
    <item>
      <title>lamellar keratoplasty</title>
      <link>/tags/lamellar-keratoplasty/</link>
      <pubDate>Sat, 08 Dec 2018 00:00:00 +0000</pubDate>
      <guid>/tags/lamellar-keratoplasty/</guid>
      <description></description>
    </item>
    
    <item>
      <title>Austria</title>
      <link>/tags/austria/</link>
      <pubDate>Fri, 07 Dec 2018 00:00:00 +0000</pubDate>
      <guid>/tags/austria/</guid>
      <description></description>
    </item>
    
    <item>
      <title>MyoRing</title>
      <link>/tags/myoring/</link>
      <pubDate>Fri, 07 Dec 2018 00:00:00 +0000</pubDate>
      <guid>/tags/myoring/</guid>
      <description></description>
    </item>
    
    <item>
      <title>Professor</title>
      <link>/tags/professor/</link>
      <pubDate>Fri, 07 Dec 2018 00:00:00 +0000</pubDate>
      <guid>/tags/professor/</guid>
      <description></description>
    </item>
    
  </channel>
</rss>
