<?xml version="1.0" encoding="utf-8" standalone="yes" ?>
<rss version="2.0" xmlns:atom="http://www.w3.org/2005/Atom">
  <channel>
    <title>Tags | 援友公益</title>
    <link>/zh/tags/</link>
      <atom:link href="/zh/tags/index.xml" rel="self" type="application/rss+xml" />
    <description>Tags</description>
    <generator>Source Themes Academic (https://sourcethemes.com/academic/)</generator><language>zh-Hans</language><copyright>©2017-2019 援友公益版权所有</copyright><lastBuildDate>Thu, 26 Sep 2019 00:00:00 +0000</lastBuildDate>
    <image>
      <url>img/icon-32.png</url>
      <title>Tags</title>
      <link>/zh/tags/</link>
    </image>
    
    <item>
      <title>choroideremia</title>
      <link>/zh/tags/choroideremia/</link>
      <pubDate>Thu, 26 Sep 2019 00:00:00 +0000</pubDate>
      <guid>/zh/tags/choroideremia/</guid>
      <description></description>
    </item>
    
    <item>
      <title>无脉络膜症</title>
      <link>/zh/tags/%E6%97%A0%E8%84%89%E7%BB%9C%E8%86%9C%E7%97%87/</link>
      <pubDate>Wed, 25 Sep 2019 21:00:00 +0000</pubDate>
      <guid>/zh/tags/%E6%97%A0%E8%84%89%E7%BB%9C%E8%86%9C%E7%97%87/</guid>
      <description></description>
    </item>
    
    <item>
      <title>圆锥角膜</title>
      <link>/zh/tags/%E5%9C%86%E9%94%A5%E8%A7%92%E8%86%9C/</link>
      <pubDate>Sun, 22 Sep 2019 21:00:00 +0000</pubDate>
      <guid>/zh/tags/%E5%9C%86%E9%94%A5%E8%A7%92%E8%86%9C/</guid>
      <description></description>
    </item>
    
    <item>
      <title>Usher综合征</title>
      <link>/zh/tags/usher%E7%BB%BC%E5%90%88%E5%BE%81/</link>
      <pubDate>Fri, 20 Sep 2019 21:00:00 +0000</pubDate>
      <guid>/zh/tags/usher%E7%BB%BC%E5%90%88%E5%BE%81/</guid>
      <description></description>
    </item>
    
    <item>
      <title>orthokeratology lens</title>
      <link>/zh/tags/orthokeratology-lens/</link>
      <pubDate>Wed, 07 Aug 2019 00:00:00 +0000</pubDate>
      <guid>/zh/tags/orthokeratology-lens/</guid>
      <description></description>
    </item>
    
    <item>
      <title>RGP</title>
      <link>/zh/tags/rgp/</link>
      <pubDate>Fri, 14 Jun 2019 21:00:00 +0000</pubDate>
      <guid>/zh/tags/rgp/</guid>
      <description></description>
    </item>
    
    <item>
      <title>Hubei</title>
      <link>/zh/tags/hubei/</link>
      <pubDate>Tue, 30 Apr 2019 00:00:00 +0000</pubDate>
      <guid>/zh/tags/hubei/</guid>
      <description></description>
    </item>
    
    <item>
      <title>Hunan</title>
      <link>/zh/tags/hunan/</link>
      <pubDate>Tue, 30 Apr 2019 00:00:00 +0000</pubDate>
      <guid>/zh/tags/hunan/</guid>
      <description></description>
    </item>
    
    <item>
      <title>Ophthalmologist</title>
      <link>/zh/tags/ophthalmologist/</link>
      <pubDate>Tue, 30 Apr 2019 00:00:00 +0000</pubDate>
      <guid>/zh/tags/ophthalmologist/</guid>
      <description></description>
    </item>
    
    <item>
      <title>罕见病</title>
      <link>/zh/tags/%E7%BD%95%E8%A7%81%E7%97%85/</link>
      <pubDate>Mon, 04 Mar 2019 00:00:00 +0000</pubDate>
      <guid>/zh/tags/%E7%BD%95%E8%A7%81%E7%97%85/</guid>
      <description></description>
    </item>
    
    <item>
      <title>corneal contact lens</title>
      <link>/zh/tags/corneal-contact-lens/</link>
      <pubDate>Tue, 05 Feb 2019 00:00:00 +0000</pubDate>
      <guid>/zh/tags/corneal-contact-lens/</guid>
      <description></description>
    </item>
    
    <item>
      <title>corneal shape lens</title>
      <link>/zh/tags/corneal-shape-lens/</link>
      <pubDate>Tue, 05 Feb 2019 00:00:00 +0000</pubDate>
      <guid>/zh/tags/corneal-shape-lens/</guid>
      <description></description>
    </item>
    
    <item>
      <title>OK lens</title>
      <link>/zh/tags/ok-lens/</link>
      <pubDate>Tue, 05 Feb 2019 00:00:00 +0000</pubDate>
      <guid>/zh/tags/ok-lens/</guid>
      <description></description>
    </item>
    
    <item>
      <title>sclerecin lens</title>
      <link>/zh/tags/sclerecin-lens/</link>
      <pubDate>Tue, 05 Feb 2019 00:00:00 +0000</pubDate>
      <guid>/zh/tags/sclerecin-lens/</guid>
      <description></description>
    </item>
    
    <item>
      <title>广东</title>
      <link>/zh/tags/%E5%B9%BF%E4%B8%9C/</link>
      <pubDate>Tue, 05 Feb 2019 00:00:00 +0000</pubDate>
      <guid>/zh/tags/%E5%B9%BF%E4%B8%9C/</guid>
      <description></description>
    </item>
    
    <item>
      <title>眼科医生</title>
      <link>/zh/tags/%E7%9C%BC%E7%A7%91%E5%8C%BB%E7%94%9F/</link>
      <pubDate>Tue, 05 Feb 2019 00:00:00 +0000</pubDate>
      <guid>/zh/tags/%E7%9C%BC%E7%A7%91%E5%8C%BB%E7%94%9F/</guid>
      <description></description>
    </item>
    
    <item>
      <title>中山大学中山眼科中心</title>
      <link>/zh/tags/%E4%B8%AD%E5%B1%B1%E5%A4%A7%E5%AD%A6%E4%B8%AD%E5%B1%B1%E7%9C%BC%E7%A7%91%E4%B8%AD%E5%BF%83/</link>
      <pubDate>Tue, 01 Jan 2019 00:00:00 +0000</pubDate>
      <guid>/zh/tags/%E4%B8%AD%E5%B1%B1%E5%A4%A7%E5%AD%A6%E4%B8%AD%E5%B1%B1%E7%9C%BC%E7%A7%91%E4%B8%AD%E5%BF%83/</guid>
      <description></description>
    </item>
    
    <item>
      <title>白内障</title>
      <link>/zh/tags/%E7%99%BD%E5%86%85%E9%9A%9C/</link>
      <pubDate>Tue, 01 Jan 2019 00:00:00 +0000</pubDate>
      <guid>/zh/tags/%E7%99%BD%E5%86%85%E9%9A%9C/</guid>
      <description></description>
    </item>
    
    <item>
      <title>experience sharing</title>
      <link>/zh/tags/experience-sharing/</link>
      <pubDate>Sat, 08 Dec 2018 00:00:00 +0000</pubDate>
      <guid>/zh/tags/experience-sharing/</guid>
      <description></description>
    </item>
    
    <item>
      <title>Keratoconus</title>
      <link>/zh/tags/keratoconus/</link>
      <pubDate>Sat, 08 Dec 2018 00:00:00 +0000</pubDate>
      <guid>/zh/tags/keratoconus/</guid>
      <description></description>
    </item>
    
    <item>
      <title>lamellar keratoplasty</title>
      <link>/zh/tags/lamellar-keratoplasty/</link>
      <pubDate>Sat, 08 Dec 2018 00:00:00 +0000</pubDate>
      <guid>/zh/tags/lamellar-keratoplasty/</guid>
      <description></description>
    </item>
    
    <item>
      <title>Austria</title>
      <link>/zh/tags/austria/</link>
      <pubDate>Fri, 07 Dec 2018 00:00:00 +0000</pubDate>
      <guid>/zh/tags/austria/</guid>
      <description></description>
    </item>
    
    <item>
      <title>MyoRing</title>
      <link>/zh/tags/myoring/</link>
      <pubDate>Fri, 07 Dec 2018 00:00:00 +0000</pubDate>
      <guid>/zh/tags/myoring/</guid>
      <description></description>
    </item>
    
    <item>
      <title>Professor</title>
      <link>/zh/tags/professor/</link>
      <pubDate>Fri, 07 Dec 2018 00:00:00 +0000</pubDate>
      <guid>/zh/tags/professor/</guid>
      <description></description>
    </item>
    
  </channel>
</rss>
