<?xml version="1.0" encoding="utf-8" standalone="yes" ?>
<rss version="2.0" xmlns:atom="http://www.w3.org/2005/Atom">
  <channel>
    <title>Wiki | Yuanyou NGO</title>
    <link>/categories/wiki/</link>
      <atom:link href="/categories/wiki/index.xml" rel="self" type="application/rss+xml" />
    <description>Wiki</description>
    <generator>Source Themes Academic (https://sourcethemes.com/academic/)</generator><language>en-us</language><copyright>©2017-2019 Yuanyou NGO All Rights Reserved</copyright><lastBuildDate>Thu, 26 Sep 2019 00:00:00 +0000</lastBuildDate>
    <image>
      <url>img/icon-32.png</url>
      <title>Wiki</title>
      <link>/categories/wiki/</link>
    </image>
    
    <item>
      <title>Choroideremia</title>
      <link>/wiki/choroideremia/</link>
      <pubDate>Thu, 26 Sep 2019 00:00:00 +0000</pubDate>
      <guid>/wiki/choroideremia/</guid>
      <description></description>
    </item>
    
  </channel>
</rss>
