<?xml version="1.0" encoding="utf-8" standalone="yes" ?>
<rss version="2.0" xmlns:atom="http://www.w3.org/2005/Atom">
  <channel>
    <title>中国国家卫计委第一批罕见病名录 | 援友公益</title>
    <link>/zh/resources/2018051101/</link>
      <atom:link href="/zh/resources/2018051101/index.xml" rel="self" type="application/rss+xml" />
    <description>中国国家卫计委第一批罕见病名录</description>
    <generator>Source Themes Academic (https://sourcethemes.com/academic/)</generator><language>zh-Hans</language><copyright>©2017-2019 援友公益版权所有</copyright><lastBuildDate>Tue, 15 May 2018 00:00:00 +0000</lastBuildDate>
    <image>
      <url>img/icon-32.png</url>
      <title>中国国家卫计委第一批罕见病名录</title>
      <link>/zh/resources/2018051101/</link>
    </image>
    
  </channel>
</rss>
