<?xml version="1.0" encoding="utf-8" standalone="yes" ?>
<rss version="2.0" xmlns:atom="http://www.w3.org/2005/Atom">
  <channel>
    <title>Yuanyou NGO</title>
    <link>/volunteers/windandlonglong/</link>
      <atom:link href="/volunteers/windandlonglong/index.xml" rel="self" type="application/rss+xml" />
    <description>Yuanyou NGO</description>
    <generator>Source Themes Academic (https://sourcethemes.com/academic/)</generator><language>en-us</language><copyright>©2017-2019 Yuanyou NGO All Rights Reserved</copyright>
    <image>
      <url>img/icon-32.png</url>
      <title>Yuanyou NGO</title>
      <link>/volunteers/windandlonglong/</link>
    </image>
    
  </channel>
</rss>
