<?xml version="1.0" encoding="utf-8" standalone="yes" ?>
<rss version="2.0" xmlns:atom="http://www.w3.org/2005/Atom">
  <channel>
    <title>Categories | 援友公益</title>
    <link>/zh/categories/</link>
      <atom:link href="/zh/categories/index.xml" rel="self" type="application/rss+xml" />
    <description>Categories</description>
    <generator>Source Themes Academic (https://sourcethemes.com/academic/)</generator><language>zh-Hans</language><copyright>©2017-2019 援友公益版权所有</copyright><lastBuildDate>Thu, 26 Sep 2019 00:00:00 +0000</lastBuildDate>
    <image>
      <url>img/icon-32.png</url>
      <title>Categories</title>
      <link>/zh/categories/</link>
    </image>
    
    <item>
      <title>Wiki</title>
      <link>/zh/categories/wiki/</link>
      <pubDate>Thu, 26 Sep 2019 00:00:00 +0000</pubDate>
      <guid>/zh/categories/wiki/</guid>
      <description></description>
    </item>
    
    <item>
      <title>公益沙龙</title>
      <link>/zh/categories/%E5%85%AC%E7%9B%8A%E6%B2%99%E9%BE%99/</link>
      <pubDate>Sun, 22 Sep 2019 21:00:00 +0000</pubDate>
      <guid>/zh/categories/%E5%85%AC%E7%9B%8A%E6%B2%99%E9%BE%99/</guid>
      <description></description>
    </item>
    
  </channel>
</rss>
