<?xml version="1.0" encoding="utf-8" standalone="yes" ?>
<rss version="2.0" xmlns:atom="http://www.w3.org/2005/Atom">
  <channel>
    <title>Yuanyou Salon | Yuanyou NGO</title>
    <link>/categories/yuanyou-salon/</link>
      <atom:link href="/categories/yuanyou-salon/index.xml" rel="self" type="application/rss+xml" />
    <description>Yuanyou Salon</description>
    <generator>Source Themes Academic (https://sourcethemes.com/academic/)</generator><language>en-us</language><copyright>©2017-2019 Yuanyou NGO All Rights Reserved</copyright><lastBuildDate>Sun, 22 Sep 2019 21:00:00 +0000</lastBuildDate>
    <image>
      <url>img/icon-32.png</url>
      <title>Yuanyou Salon</title>
      <link>/categories/yuanyou-salon/</link>
    </image>
    
    <item>
      <title>Keratoconus and corneal collagen cross-linking surgery【Edition 62】</title>
      <link>/salon/2019092801/</link>
      <pubDate>Sun, 22 Sep 2019 21:00:00 +0000</pubDate>
      <guid>/salon/2019092801/</guid>
      <description></description>
    </item>
    
    <item>
      <title>2015 Common Expert Opinions on Keratoconus 【Edition 60】</title>
      <link>/salon/2019071401/</link>
      <pubDate>Sun, 14 Jul 2019 21:00:00 +0000</pubDate>
      <guid>/salon/2019071401/</guid>
      <description></description>
    </item>
    
    <item>
      <title>Keratoconus Newest Treatment 【Edition 59】</title>
      <link>/salon/2019070101/</link>
      <pubDate>Mon, 01 Jul 2019 21:00:00 +0000</pubDate>
      <guid>/salon/2019070101/</guid>
      <description></description>
    </item>
    
    <item>
      <title>Analysis of the results of the contact mirror pre-match inspection 【Edition 57】</title>
      <link>/salon/2019062201/</link>
      <pubDate>Sat, 22 Jun 2019 21:00:00 +0000</pubDate>
      <guid>/salon/2019062201/</guid>
      <description></description>
    </item>
    
  </channel>
</rss>
