<?xml version="1.0" encoding="utf-8" standalone="yes" ?>
<rss version="2.0" xmlns:atom="http://www.w3.org/2005/Atom">
  <channel>
    <title>Volunteers | Yuanyou NGO</title>
    <link>/volunteers/</link>
      <atom:link href="/volunteers/index.xml" rel="self" type="application/rss+xml" />
    <description>Volunteers</description>
    <generator>Source Themes Academic (https://sourcethemes.com/academic/)</generator><language>en-us</language><copyright>©2017-2019 Yuanyou NGO All Rights Reserved</copyright><lastBuildDate>Thu, 26 Sep 2019 00:00:00 +0000</lastBuildDate>
    <image>
      <url>img/icon-32.png</url>
      <title>Volunteers</title>
      <link>/volunteers/</link>
    </image>
    
    <item>
      <title></title>
      <link>/volunteers/jasonliu/</link>
      <pubDate>Thu, 26 Sep 2019 00:00:00 +0000</pubDate>
      <guid>/volunteers/jasonliu/</guid>
      <description>&lt;p&gt;Jason Liu comes from Beijing, China. Now he is a high school student in California.&lt;/p&gt;
</description>
    </item>
    
    <item>
      <title></title>
      <link>/volunteers/reveurmk/</link>
      <pubDate>Thu, 26 Sep 2019 00:00:00 +0000</pubDate>
      <guid>/volunteers/reveurmk/</guid>
      <description>&lt;p&gt;A Dreamer.&lt;/p&gt;
</description>
    </item>
    
    <item>
      <title></title>
      <link>/volunteers/xiaomeng/</link>
      <pubDate>Thu, 26 Sep 2019 00:00:00 +0000</pubDate>
      <guid>/volunteers/xiaomeng/</guid>
      <description>&lt;p&gt;Programmer based in Seattle. Keratoconus patient. Founder of Yuanyou NGO.&lt;/p&gt;
</description>
    </item>
    
    <item>
      <title></title>
      <link>/volunteers/baijie/</link>
      <pubDate>Mon, 01 Jan 0001 00:00:00 +0000</pubDate>
      <guid>/volunteers/baijie/</guid>
      <description>&lt;p&gt;Bai Jie&lt;/p&gt;
</description>
    </item>
    
    <item>
      <title></title>
      <link>/volunteers/lianglele/</link>
      <pubDate>Mon, 01 Jan 0001 00:00:00 +0000</pubDate>
      <guid>/volunteers/lianglele/</guid>
      <description>&lt;p&gt;Lele Liang&lt;/p&gt;
</description>
    </item>
    
    <item>
      <title></title>
      <link>/volunteers/qujinxuan/</link>
      <pubDate>Mon, 01 Jan 0001 00:00:00 +0000</pubDate>
      <guid>/volunteers/qujinxuan/</guid>
      <description>&lt;p&gt;Jinxuan Qu&lt;/p&gt;
</description>
    </item>
    
    <item>
      <title></title>
      <link>/volunteers/wangting/</link>
      <pubDate>Mon, 01 Jan 0001 00:00:00 +0000</pubDate>
      <guid>/volunteers/wangting/</guid>
      <description>&lt;p&gt;Ting Wang&lt;/p&gt;
</description>
    </item>
    
    <item>
      <title></title>
      <link>/volunteers/windandlonglong/</link>
      <pubDate>Mon, 01 Jan 0001 00:00:00 +0000</pubDate>
      <guid>/volunteers/windandlonglong/</guid>
      <description>&lt;p&gt;Wind And Longlong.&lt;/p&gt;
</description>
    </item>
    
    <item>
      <title></title>
      <link>/volunteers/yangshuaitao/</link>
      <pubDate>Mon, 01 Jan 0001 00:00:00 +0000</pubDate>
      <guid>/volunteers/yangshuaitao/</guid>
      <description>&lt;p&gt;Shuaitao Yang&lt;/p&gt;
</description>
    </item>
    
    <item>
      <title></title>
      <link>/volunteers/yuyang/</link>
      <pubDate>Mon, 01 Jan 0001 00:00:00 +0000</pubDate>
      <guid>/volunteers/yuyang/</guid>
      <description>&lt;p&gt;Yang Yu&lt;/p&gt;
</description>
    </item>
    
    <item>
      <title></title>
      <link>/volunteers/zhutao/</link>
      <pubDate>Mon, 01 Jan 0001 00:00:00 +0000</pubDate>
      <guid>/volunteers/zhutao/</guid>
      <description>&lt;p&gt;Tao Zhu&lt;/p&gt;
</description>
    </item>
    
  </channel>
</rss>
