<?xml version="1.0" encoding="utf-8" standalone="yes" ?>
<rss version="2.0" xmlns:atom="http://www.w3.org/2005/Atom">
  <channel>
    <title>援友公益</title>
    <link>/zh/</link>
      <atom:link href="/zh/index.xml" rel="self" type="application/rss+xml" />
    <description>援友公益</description>
    <generator>Source Themes Academic (https://sourcethemes.com/academic/)</generator><language>zh-Hans</language><copyright>©2017-2019 援友公益版权所有</copyright><lastBuildDate>Thu, 26 Sep 2019 00:00:00 +0000</lastBuildDate>
    <image>
      <url>img/icon-32.png</url>
      <title>援友公益</title>
      <link>/zh/</link>
    </image>
    
    <item>
      <title>援友医疗知识开源平台</title>
      <link>/zh/wiki/</link>
      <pubDate>Thu, 26 Sep 2019 00:00:00 +0000</pubDate>
      <guid>/zh/wiki/</guid>
      <description>&lt;p&gt;援友医疗知识开源平台是医疗知识的Github。我们倡导开放式、小型化、无地理限制的开源共享协作，强调健康教育资源的公益与公共属性，向全社会提供开放、免费、高质量的眼科患者教育知识及资讯服务。我们的宗旨是倡导人人享有平等的健康权利，构建公益性的全民健康信息知识库。&lt;/p&gt;

&lt;p&gt;项目目标：&lt;/p&gt;

&lt;ol&gt;
&lt;li&gt;为广大医疗工作者、医学研究者以及普通大众构建医学知识开源协作平台，通过知识共享协议进行便捷的互联网化版权管理；&lt;/li&gt;
&lt;li&gt;消除健康教育资源的分布不均，保证不同地区、年龄、教育水平的人群在获取医学知识时享有平等的权利；&lt;/li&gt;
&lt;li&gt;帮助大众以更加便捷的方式获取免费、可靠、最新的医学知识与就医信息。&lt;/li&gt;
&lt;/ol&gt;

&lt;p&gt;2017年12月至今，我们原创圆锥角膜及角膜移植相关科普及经验分享文章130余篇，仅公众号及知乎文章阅读量达400K，为国内首个专注于该领域的医疗知识平台。&lt;/p&gt;
</description>
    </item>
    
    <item>
      <title>新闻</title>
      <link>/zh/news/</link>
      <pubDate>Wed, 25 Sep 2019 21:00:00 +0000</pubDate>
      <guid>/zh/news/</guid>
      <description></description>
    </item>
    
    <item>
      <title>援友公益沙龙</title>
      <link>/zh/salon/</link>
      <pubDate>Sun, 22 Sep 2019 21:00:00 +0000</pubDate>
      <guid>/zh/salon/</guid>
      <description>&lt;p&gt;援友公益沙龙是面向全国的公益性健康教育平台，旨在使人们自觉地采纳有益于眼健康的行为和生活方式，消除或减轻影响健康的危险因素。以此达到预防眼睛疾病，促进眼健康，提高生活质量的目标。我们结合了互联网直播、线下沙龙等多种活动类型，形式简单、方便参加、易于互动，向大众提供健康科普宣教、经验交流、就医信息分享等资讯及教育内容。&lt;/p&gt;

&lt;p&gt;援友公益沙龙于2018年2月开展了第一次公益科普线上宣教，至今共开展各类活动50余次。我们的志愿嘉宾来自北京同仁医院、复旦大学附属眼耳鼻喉科医院、海军总医院、北京爱尔眼科、希玛眼科等全国知名医疗机构。援友公益沙龙针对性的弥补了圆锥角膜等眼科疾病相关健康教育的缺失，拉进了患者与医生、及其他患者之间的距离，尤其为欠发达地区的大众带去了极大的帮助。&lt;/p&gt;
</description>
    </item>
    
    <item>
      <title></title>
      <link>/zh/list-of-all-rare-eye-diseases/</link>
      <pubDate>Mon, 09 Sep 2019 21:00:00 +0000</pubDate>
      <guid>/zh/list-of-all-rare-eye-diseases/</guid>
      <description></description>
    </item>
    
    <item>
      <title>援助计划</title>
      <link>/zh/aid/</link>
      <pubDate>Sat, 06 Apr 2019 00:00:00 +0000</pubDate>
      <guid>/zh/aid/</guid>
      <description>&lt;p&gt;援助计划项目是援友社区推出的一系列公益救助项目的总称，是由援友社区发起的全国性角膜病民间系列公益救助工程，针对角膜病患者提供个性化针对性的全方位公益支持。我们希望通过民间资金力量援助圆锥角膜等疑难角膜病社群，撬动社会政策改善及多方援助资源介入，提升患者群体生命权、健康权的获得感，提升罕见角膜病医疗保障水平，为角膜病群体提供有针对性的专业医疗援助。&lt;/p&gt;

&lt;p&gt;项目目标：&lt;/p&gt;

&lt;ol&gt;
&lt;li&gt;整合圆锥角膜等罕见角膜病领域经验、资源，为患者群体提供有针对性的专业医疗援助；&lt;/li&gt;
&lt;li&gt;整合各地社会公益医疗信息，帮助患者对接公益医疗资源；&lt;/li&gt;
&lt;li&gt;提升罕见角膜病病友社会支持度。基本原则：公平、公正、透明；量入为出；有限援助；多方合作援助。&lt;/li&gt;
&lt;/ol&gt;

&lt;p&gt;《低收入圆锥角膜患者RGP救助》是援助计划的第一个落地项目，于2019年4与由露晰得中国与援友社区共同发起，针对低收入圆锥角膜患者及家庭提供免费的露晰得圆锥角膜RGP。&lt;/p&gt;
</description>
    </item>
    
    <item>
      <title>援友社会公益</title>
      <link>/zh/connect/</link>
      <pubDate>Mon, 04 Mar 2019 00:00:00 +0000</pubDate>
      <guid>/zh/connect/</guid>
      <description>&lt;p&gt;援友社会公益项目致力于为社会公益力量和受助人群建立起更加紧密与广泛的连接，促进公益资源在全社会的流动，帮助公益资源得到更加高效的利用。我们收集、整理、传播来自社会各界的公益信息，全方位凝聚公益力量，精准定位援助对象。我们帮助受助人群以最简单快速的方式对接公益资源，同时汇聚需求，呼吁动员更多的社会公益投入。&lt;/p&gt;

&lt;p&gt;项目目标：&lt;/p&gt;

&lt;ol&gt;
&lt;li&gt;收集、整理、发布来自社会各界的公益信息，包括政府、医院、非营利性机构等各类社会组织；&lt;/li&gt;
&lt;li&gt;精准对接公益资源与受助对象，帮助公益项目的落地实施；&lt;/li&gt;
&lt;li&gt;帮助受助者对接公益资源，协助社会监督公益项目的执行。&lt;/li&gt;
&lt;/ol&gt;
</description>
    </item>
    
    <item>
      <title></title>
      <link></link>
      <pubDate>Mon, 01 Jan 0001 00:00:00 +0000</pubDate>
      <guid></guid>
      <description></description>
    </item>
    
    <item>
      <title>更多资源</title>
      <link>/zh/resources/</link>
      <pubDate>Mon, 01 Jan 0001 00:00:00 +0000</pubDate>
      <guid>/zh/resources/</guid>
      <description></description>
    </item>
    
  </channel>
</rss>
