<?xml version="1.0" encoding="utf-8" standalone="yes" ?>
<rss version="2.0" xmlns:atom="http://www.w3.org/2005/Atom">
  <channel>
    <title>experience sharing | Yuanyou NGO</title>
    <link>/tags/experience-sharing/</link>
      <atom:link href="/tags/experience-sharing/index.xml" rel="self" type="application/rss+xml" />
    <description>experience sharing</description>
    <generator>Source Themes Academic (https://sourcethemes.com/academic/)</generator><language>en-us</language><copyright>©2017-2019 Yuanyou NGO All Rights Reserved</copyright><lastBuildDate>Sat, 08 Dec 2018 00:00:00 +0000</lastBuildDate>
    <image>
      <url>img/icon-32.png</url>
      <title>experience sharing</title>
      <link>/tags/experience-sharing/</link>
    </image>
    
    <item>
      <title>My life, two years after lamellar keratoplasty</title>
      <link>/wiki/two-years-after-lamellar-keratoplasty/</link>
      <pubDate>Sat, 08 Dec 2018 00:00:00 +0000</pubDate>
      <guid>/wiki/two-years-after-lamellar-keratoplasty/</guid>
      <description></description>
    </item>
    
  </channel>
</rss>
