<?xml version="1.0" encoding="utf-8" standalone="yes" ?>
<rss version="2.0" xmlns:atom="http://www.w3.org/2005/Atom">
  <channel>
    <title>新闻 | 援友公益</title>
    <link>/zh/news/</link>
      <atom:link href="/zh/news/index.xml" rel="self" type="application/rss+xml" />
    <description>新闻</description>
    <generator>Source Themes Academic (https://sourcethemes.com/academic/)</generator><language>zh-Hans</language><copyright>©2017-2019 援友公益版权所有</copyright><lastBuildDate>Wed, 25 Sep 2019 21:00:00 +0000</lastBuildDate>
    <image>
      <url>img/icon-32.png</url>
      <title>新闻</title>
      <link>/zh/news/</link>
    </image>
    
    <item>
      <title>欢迎无脉络膜症患者跟援友公益取得联系</title>
      <link>/zh/news/2019092501/</link>
      <pubDate>Wed, 25 Sep 2019 21:00:00 +0000</pubDate>
      <guid>/zh/news/2019092501/</guid>
      <description>&lt;p&gt;欢迎无脉络膜症患者跟援友公益取得联系，我们会帮助患者跟美国的 &lt;a href=&#34;https://www.curechm.org&#34; target=&#34;_blank&#34;&gt;Choroideremia Research Foundation&lt;/a&gt; 对接。一起商讨加入基因测试、参与试验型治疗的可能性。&lt;/p&gt;

&lt;p&gt;我们的联系方式是：kf@mail.yuanyou.site&lt;/p&gt;
</description>
    </item>
    
    <item>
      <title>欢迎Usher综合征患者跟援友公益取得联系</title>
      <link>/zh/news/2019092001/</link>
      <pubDate>Fri, 20 Sep 2019 21:00:00 +0000</pubDate>
      <guid>/zh/news/2019092001/</guid>
      <description>&lt;p&gt;欢迎无脉络膜症患者跟援友公益取得联系，我们会帮助患者跟美国的 &lt;a href=&#34;https://usher-syndrome.org&#34; target=&#34;_blank&#34;&gt;Usher Syndrome Coalition&lt;/a&gt; 对接。一起商讨加入基因测试、参与试验型治疗的可能性。&lt;/p&gt;

&lt;p&gt;我们的联系方式是：kf@mail.yuanyou.site&lt;/p&gt;
</description>
    </item>
    
    <item>
      <title>《援助计划——低收入圆锥角膜患者RGP救助》援助结果第一次公示</title>
      <link>/zh/news/2019061401/</link>
      <pubDate>Fri, 14 Jun 2019 21:00:00 +0000</pubDate>
      <guid>/zh/news/2019061401/</guid>
      <description>

&lt;p&gt;2018年6月我们完成了第一批对两名圆锥角膜患者的公益救助，现将结果公示如下。&lt;/p&gt;

&lt;h1 id=&#34;受助案例一&#34;&gt;受助案例一&lt;/h1&gt;

&lt;ul&gt;
&lt;li&gt;姓名： *成&lt;/li&gt;
&lt;li&gt;年龄： 29&lt;/li&gt;
&lt;li&gt;电话： +86-147****4142&lt;/li&gt;
&lt;li&gt;地区： 内蒙古包头市&lt;/li&gt;
&lt;li&gt;情况简介： 双眼近视术后继发圆锥，农村低保家庭，有贫困证明
&lt;br /&gt;&lt;/li&gt;
&lt;/ul&gt;

&lt;h1 id=&#34;受助案例二&#34;&gt;受助案例二&lt;/h1&gt;

&lt;ul&gt;
&lt;li&gt;姓名： *波&lt;/li&gt;
&lt;li&gt;年龄： 49&lt;/li&gt;
&lt;li&gt;电话： +86-160****9791&lt;/li&gt;
&lt;li&gt;地区： 山东省青岛市&lt;/li&gt;
&lt;li&gt;情况简介： 双眼圆锥20年，妻子病故，和父亲儿子生活，有残疾证
&lt;br /&gt;&lt;/li&gt;
&lt;/ul&gt;

&lt;h1 id=&#34;如何获取援助&#34;&gt;如何获取援助？&lt;/h1&gt;

&lt;p&gt;详情请见&lt;a href=&#34;http://localhost:1313/zh/projects/aid/2019040601/&#34; target=&#34;_blank&#34;&gt;《援助计划——低收入圆锥角膜患者RGP救助【露晰得中国•援友社区】》&lt;/a&gt;&lt;/p&gt;
</description>
    </item>
    
  </channel>
</rss>
