<?xml version="1.0" encoding="utf-8" standalone="yes" ?>
<rss version="2.0" xmlns:atom="http://www.w3.org/2005/Atom">
  <channel>
    <title>orthokeratology lens | Yuanyou NGO</title>
    <link>/tags/orthokeratology-lens/</link>
      <atom:link href="/tags/orthokeratology-lens/index.xml" rel="self" type="application/rss+xml" />
    <description>orthokeratology lens</description>
    <generator>Source Themes Academic (https://sourcethemes.com/academic/)</generator><language>en-us</language><copyright>©2017-2019 Yuanyou NGO All Rights Reserved</copyright><lastBuildDate>Wed, 07 Aug 2019 00:00:00 +0000</lastBuildDate>
    <image>
      <url>img/icon-32.png</url>
      <title>orthokeratology lens</title>
      <link>/tags/orthokeratology-lens/</link>
    </image>
    
    <item>
      <title>Orthokeratology Lens</title>
      <link>/wiki/orthokeratology-lens/</link>
      <pubDate>Wed, 07 Aug 2019 00:00:00 +0000</pubDate>
      <guid>/wiki/orthokeratology-lens/</guid>
      <description></description>
    </item>
    
  </channel>
</rss>
