<?xml version="1.0" encoding="utf-8" standalone="yes" ?>
<rss version="2.0" xmlns:atom="http://www.w3.org/2005/Atom">
  <channel>
    <title>News | Yuanyou NGO</title>
    <link>/news/</link>
      <atom:link href="/news/index.xml" rel="self" type="application/rss+xml" />
    <description>News</description>
    <generator>Source Themes Academic (https://sourcethemes.com/academic/)</generator><language>en-us</language><copyright>©2017-2019 Yuanyou NGO All Rights Reserved</copyright><lastBuildDate>Wed, 25 Sep 2019 21:00:00 +0000</lastBuildDate>
    <image>
      <url>img/icon-32.png</url>
      <title>News</title>
      <link>/news/</link>
    </image>
    
    <item>
      <title>Call for Patients of Choroideremia -- Please contact Yuanyou NGO</title>
      <link>/news/2019092501/</link>
      <pubDate>Wed, 25 Sep 2019 21:00:00 +0000</pubDate>
      <guid>/news/2019092501/</guid>
      <description></description>
    </item>
    
    <item>
      <title>Call for Usher Syndrome Patients -- Please contact Yuanyou NGO</title>
      <link>/news/2019092001/</link>
      <pubDate>Fri, 20 Sep 2019 21:00:00 +0000</pubDate>
      <guid>/news/2019092001/</guid>
      <description></description>
    </item>
    
    <item>
      <title>Receivers of free RGP Glasses in the program of Yuanyou Aid &amp; LucidKorea</title>
      <link>/news/2019061401/</link>
      <pubDate>Thu, 14 Jun 2018 21:00:00 +0000</pubDate>
      <guid>/news/2019061401/</guid>
      <description></description>
    </item>
    
  </channel>
</rss>
