<?xml version="1.0" encoding="utf-8" standalone="yes" ?>
<rss version="2.0" xmlns:atom="http://www.w3.org/2005/Atom">
  <channel>
    <title>Professor | Yuanyou NGO</title>
    <link>/tags/professor/</link>
      <atom:link href="/tags/professor/index.xml" rel="self" type="application/rss+xml" />
    <description>Professor</description>
    <generator>Source Themes Academic (https://sourcethemes.com/academic/)</generator><language>en-us</language><copyright>©2017-2019 Yuanyou NGO All Rights Reserved</copyright><lastBuildDate>Fri, 07 Dec 2018 00:00:00 +0000</lastBuildDate>
    <image>
      <url>img/icon-32.png</url>
      <title>Professor</title>
      <link>/tags/professor/</link>
    </image>
    
    <item>
      <title>Questions and Answers with Professor Daxer of Austria on MyoRing</title>
      <link>/wiki/questions-and-answers-with-professor-daxer-of-austria-on-myoring/</link>
      <pubDate>Fri, 07 Dec 2018 00:00:00 +0000</pubDate>
      <guid>/wiki/questions-and-answers-with-professor-daxer-of-austria-on-myoring/</guid>
      <description></description>
    </item>
    
  </channel>
</rss>
