<?xml version="1.0" encoding="utf-8" standalone="yes" ?>
<rss version="2.0" xmlns:atom="http://www.w3.org/2005/Atom">
  <channel>
    <title>Volunteers | 援友公益</title>
    <link>/zh/volunteers/</link>
      <atom:link href="/zh/volunteers/index.xml" rel="self" type="application/rss+xml" />
    <description>Volunteers</description>
    <generator>Source Themes Academic (https://sourcethemes.com/academic/)</generator><language>zh-Hans</language><copyright>©2017-2019 援友公益版权所有</copyright><lastBuildDate>Thu, 26 Sep 2019 00:00:00 +0000</lastBuildDate>
    <image>
      <url>img/icon-32.png</url>
      <title>Volunteers</title>
      <link>/zh/volunteers/</link>
    </image>
    
    <item>
      <title></title>
      <link>/zh/volunteers/jasonliu/</link>
      <pubDate>Thu, 26 Sep 2019 00:00:00 +0000</pubDate>
      <guid>/zh/volunteers/jasonliu/</guid>
      <description>&lt;p&gt;刘硕臻来自北京，先就读于加州的一所高中。&lt;/p&gt;
</description>
    </item>
    
    <item>
      <title></title>
      <link>/zh/volunteers/reveurmk/</link>
      <pubDate>Thu, 26 Sep 2019 00:00:00 +0000</pubDate>
      <guid>/zh/volunteers/reveurmk/</guid>
      <description>&lt;p&gt;A Dreamer.&lt;/p&gt;
</description>
    </item>
    
    <item>
      <title></title>
      <link>/zh/volunteers/xiaomeng/</link>
      <pubDate>Thu, 26 Sep 2019 00:00:00 +0000</pubDate>
      <guid>/zh/volunteers/xiaomeng/</guid>
      <description>&lt;p&gt;圆锥角膜患者。援友创始人。&lt;/p&gt;
</description>
    </item>
    
    <item>
      <title></title>
      <link>/zh/volunteers/baijie/</link>
      <pubDate>Mon, 01 Jan 0001 00:00:00 +0000</pubDate>
      <guid>/zh/volunteers/baijie/</guid>
      <description>&lt;p&gt;白洁&lt;/p&gt;
</description>
    </item>
    
    <item>
      <title></title>
      <link>/zh/volunteers/lianglele/</link>
      <pubDate>Mon, 01 Jan 0001 00:00:00 +0000</pubDate>
      <guid>/zh/volunteers/lianglele/</guid>
      <description>&lt;p&gt;梁乐乐&lt;/p&gt;
</description>
    </item>
    
    <item>
      <title></title>
      <link>/zh/volunteers/qujinxuan/</link>
      <pubDate>Mon, 01 Jan 0001 00:00:00 +0000</pubDate>
      <guid>/zh/volunteers/qujinxuan/</guid>
      <description>&lt;p&gt;曲津萱&lt;/p&gt;
</description>
    </item>
    
    <item>
      <title></title>
      <link>/zh/volunteers/wangting/</link>
      <pubDate>Mon, 01 Jan 0001 00:00:00 +0000</pubDate>
      <guid>/zh/volunteers/wangting/</guid>
      <description>&lt;p&gt;王婷&lt;/p&gt;
</description>
    </item>
    
    <item>
      <title></title>
      <link>/zh/volunteers/windandlonglong/</link>
      <pubDate>Mon, 01 Jan 0001 00:00:00 +0000</pubDate>
      <guid>/zh/volunteers/windandlonglong/</guid>
      <description>&lt;p&gt;Wind And Longlong.&lt;/p&gt;
</description>
    </item>
    
    <item>
      <title></title>
      <link>/zh/volunteers/yangshuaitao/</link>
      <pubDate>Mon, 01 Jan 0001 00:00:00 +0000</pubDate>
      <guid>/zh/volunteers/yangshuaitao/</guid>
      <description>&lt;p&gt;杨帅涛&lt;/p&gt;
</description>
    </item>
    
    <item>
      <title></title>
      <link>/zh/volunteers/yuyang/</link>
      <pubDate>Mon, 01 Jan 0001 00:00:00 +0000</pubDate>
      <guid>/zh/volunteers/yuyang/</guid>
      <description>&lt;p&gt;于洋&lt;/p&gt;
</description>
    </item>
    
    <item>
      <title></title>
      <link>/zh/volunteers/zhutao/</link>
      <pubDate>Mon, 01 Jan 0001 00:00:00 +0000</pubDate>
      <guid>/zh/volunteers/zhutao/</guid>
      <description>&lt;p&gt;Tao Zhu&lt;/p&gt;
</description>
    </item>
    
  </channel>
</rss>
