<?xml version="1.0" encoding="utf-8" standalone="yes" ?>
<rss version="2.0" xmlns:atom="http://www.w3.org/2005/Atom">
  <channel>
    <title>更多资源 | 援友公益</title>
    <link>/zh/resources/</link>
      <atom:link href="/zh/resources/index.xml" rel="self" type="application/rss+xml" />
    <description>更多资源</description>
    <generator>Source Themes Academic (https://sourcethemes.com/academic/)</generator><language>zh-Hans</language><copyright>©2017-2019 援友公益版权所有</copyright>
    <image>
      <url>img/icon-32.png</url>
      <title>更多资源</title>
      <link>/zh/resources/</link>
    </image>
    
    <item>
      <title>中国国家卫计委第一批罕见病名录</title>
      <link>/zh/resources/2018051101/</link>
      <pubDate>Tue, 15 May 2018 00:00:00 +0000</pubDate>
      <guid>/zh/resources/2018051101/</guid>
      <description>

&lt;p&gt;国家版罕见病名录共121种，终于落定。国家卫生健康委员会、科学技术部、工业和信息化部、国家药品监督管理局、国家中医药管理局等5部门联合发布。&lt;/p&gt;

&lt;p&gt;罕见病是指那些发病率很低的一类疾病，这些疾病往往是严重的、慢性的、遗传性的且常常危及生命。&lt;/p&gt;

&lt;p&gt;罕见病是人类医学面临的最大挑战之一，目前已知的近7000种罕见病，我国有超过1000万罕见病患者，但仅有不足40%的患者得到确诊，且确诊平均需要5年。&lt;/p&gt;

&lt;p&gt;目前，普遍存在科研投入少、诊断率低、缺乏有效治疗手段且药物往往不在医保体系中现象，包括中国在内的绝大多数国家的患者，面临&amp;rdquo;病无所医&amp;rdquo;、&amp;rdquo;医无所药&amp;rdquo;、 &amp;ldquo;药无所保&amp;rdquo;的窘境。&lt;/p&gt;

&lt;p&gt;在过去的30年，欧美等国家和地区已经探索出了一条积极有效的道路，在各利益相关方的共同努力下，在罕见病的研究、诊断、治疗、药物研发及市场准入、医疗保障等方面都取得了很大发展，纵观这些国家和地区的经验，最关键的举措就是&amp;rdquo;以患者为中心&amp;rdquo;设计出一套具有创新激励的制度体系。&lt;/p&gt;

&lt;p&gt;在美国，1983年颁布《孤儿药法案》（ODA），截至2015年，美国食品药品监督管理局（FDA）授予3647个孤儿药资格认定，批准上市了554个孤儿药，为277种罕见病带来诊疗新希望。&lt;/p&gt;

&lt;p&gt;虽然中国在罕见病领域和欧美等国家和地区仍有较大差距，但近些年的发展速度迅猛，在各相关方的努力下，公众意识得到了有效提升，罕见病诊疗水平不断提高、各地积极探索罕见病医保路径及患者组织纷纷呼吁呐喊，正朝着积极、有效的方向去整体解决罕见病的问题。&lt;/p&gt;

&lt;p&gt;此前，我国还没有官方的罕见病定义，如何提高罕见病诊断率、降低患者成本是罕见病患者目前面临的问题。此次国家版名录的发布是在整个行业多方努力的结果，给罕见病患者家庭及罕见病与孤儿药行业带来新的希望。&lt;/p&gt;

&lt;h1 id=&#34;附录&#34;&gt;附录&lt;/h1&gt;

&lt;p&gt;&lt;img src=&#34;1526970674393145.png&#34; alt=&#34;1&#34; /&gt;
&lt;img src=&#34;1526970713875971.png&#34; alt=&#34;2&#34; /&gt;
&lt;img src=&#34;810f7da36767dfd360e88f24d074206bddfcacf3.jpeg&#34; alt=&#34;3&#34; /&gt;
&lt;img src=&#34;60e91a6714a27993c3d75dc51040d7379e8416fd.jpeg&#34; alt=&#34;4&#34; /&gt;
&lt;img src=&#34;cf708266833b984d0702f5fb3361d08ccb04f365.jpeg&#34; alt=&#34;5&#34; /&gt;
&lt;img src=&#34;e004492043d147a0049cbfe224d213f42b7429d2.jpeg&#34; alt=&#34;6&#34; /&gt;
&lt;img src=&#34;01687e6b1c72f427eb003f9be9923018d3fecff6.jpeg&#34; alt=&#34;7&#34; /&gt;&lt;/p&gt;
</description>
    </item>
    
  </channel>
</rss>
