<?xml version="1.0" encoding="utf-8" standalone="yes" ?>
<rss version="2.0" xmlns:atom="http://www.w3.org/2005/Atom">
  <channel>
    <title>罕见病 | Yuanyou NGO</title>
    <link>/tags/%E7%BD%95%E8%A7%81%E7%97%85/</link>
      <atom:link href="/tags/%E7%BD%95%E8%A7%81%E7%97%85/index.xml" rel="self" type="application/rss+xml" />
    <description>罕见病</description>
    <generator>Source Themes Academic (https://sourcethemes.com/academic/)</generator><language>en-us</language><copyright>©2017-2019 Yuanyou NGO All Rights Reserved</copyright><lastBuildDate>Mon, 04 Mar 2019 00:00:00 +0000</lastBuildDate>
    <image>
      <url>img/icon-32.png</url>
      <title>罕见病</title>
      <link>/tags/%E7%BD%95%E8%A7%81%E7%97%85/</link>
    </image>
    
    <item>
      <title>Medical Assistance Project for Rare Diseases</title>
      <link>/connect/2019030401/</link>
      <pubDate>Mon, 04 Mar 2019 00:00:00 +0000</pubDate>
      <guid>/connect/2019030401/</guid>
      <description></description>
    </item>
    
  </channel>
</rss>
